index,0,1,2,3,4,5
0,,,,,,
1,"1501 - JORNET BURGADA Kilian
SALOMON",SEH,1,20:36:43,00:00:00,España
2,"1516 - KARRERA ARANBURU Iker
SALOMON SANTIVERY",SEH,2,20:45:30,00:08:47,España
3,"1504 - CHAIGNEAU Sebastien
THE NORTH FACE",SEH,3,20:55:41,00:18:58,Francia
4,"1530 - NEMETH Csaba
VIDI.HU",V1H,1,22:35:48,01:59:05,Hungría
5,"1531 - SA Carlos
AMIGOS DA MONTANHA",SEH,4,22:48:24,02:11:41,Portugal
6,6 - BOHARD Patrick,V1H,2,23:31:55,02:55:12,Francia
7,"1505 - KABURAKI Tsuyoshi
THE NORTH FACE",V1H,3,23:41:04,03:04:21,Japón
8,"5 - GUILLON Antoine
TEAM LAFUMA-GREEN MAGAMA- GO2",V1H,4,23:56:50,03:20:07,Francia
9,1542 - FAIVRE François,SEH,5,24:07:03,03:30:20,Francia
10,"11 - YAMAMOTO Kenichi
HAGLOFS",SEH,6,24:15:40,03:38:57,Japón
11,1528 - FOOTE Mike,SEH,7,24:25:12,03:48:29,Estados Unidos
12,1557 - DIPPACHER Matthias,SEH,8,24:38:23,04:01:40,Alemania
13,"19 - HAWKER Elisabeth
THE NORTH FACE",SEF,1,25:02:00,04:25:17,Reino Unido
14,1562 - PEDATELLA Nick,SEH,9,25:51:33,05:14:50,Estados Unidos
15,"1560 - CERCUEIL Michel
ALE",SEH,10,26:19:25,05:42:42,Francia
16,"30 - AURREKOETXEA URIARTE Eneko
BRINEAN",SEH,11,26:23:32,05:46:49,España
17,"14 - BRAVAIS Bastien
TEAM NEW BALANCE & BVSPORT",SEH,12,26:34:55,05:58:12,Francia
18,1548 - TIDD John,V1H,5,26:35:05,05:58:22,España
19,"3611 - CANTIN Frédéric
TEAM OPEL",SEH,13,26:44:38,06:07:55,Francia
20,"3337 - GONCALVES João
PAULO ALBUQUERQUE SEGUROS",SEH,14,26:59:47,06:23:04,Portugal
21,2347 - SARDA Stephane,SEH,15,27:28:06,06:51:23,Francia
22,2606 - PILLA John,V2H,1,27:35:26,06:58:43,Estados Unidos
23,"1544 - THIERY Benoit
LES TRAILERS DU GAVOT",SEH,16,27:47:20,07:10:37,Francia
24,"2229 - MATHIEU Jean Claude
team LAFUMA",V1H,6,27:47:20,07:10:37,Francia
25,"37 - MARTINEZ URRUZOLA Nerea
SALOMON SANTIVERI",SEF,2,27:55:34,07:18:51,España
26,"2 - WOLFE Mike
THE NORTH FACE",SEH,17,28:01:47,07:25:04,Estados Unidos
27,"26 - MARCEL Rémy
3D TRAIL / ENDURANCE SHOP GRENOBLE",SEH,18,28:20:44,07:44:01,Francia
28,"3575 - NEAR Chris
HAGLOFS INOV8",SEH,19,28:25:46,07:49:03,Reino Unido
29,1950 - SIRAUDIN Mathieu,SEH,20,28:26:55,07:50:12,Francia
30,"3628 - DOLEGOWSKI Krzysztof
BIEGANIE",SEH,21,28:27:41,07:50:58,Polonia
31,"1526 - PICEU AFRICA Darcy
Pearl Izumi",SEF,3,28:30:28,07:53:45,Estados Unidos
32,1573 - ZANCHI Marco,SEH,22,28:37:14,08:00:31,Italia
33,3075 - LOCATELLI Serge,V1H,7,28:38:20,08:01:37,Francia
34,"2554 - KEITH Eoin
URI",V1H,8,28:54:50,08:18:07,Irlanda
35,"3485 - FRECHILLA TOLEDO Raul
TIERRA TRAGAME",SEH,23,29:00:10,08:23:27,España
36,"3048 - BIOLLAZ daniel
LES TRAILERS DU MOLE",V1H,9,29:00:11,08:23:28,Francia
37,"1796 - SOUCHON Frederic
RACING LETI",V1H,10,29:04:07,08:27:24,Francia
38,"2199 - VALLOSIO Sergio
TEAM LAFUMA ITALIA",SEH,24,29:12:43,08:36:00,Italia
39,2262 - HARDEL Fabrice,SEH,25,29:14:35,08:37:52,Francia
40,"1515 - JAIME Scott
PEARL IZUMI",V1H,11,29:17:13,08:40:30,Estados Unidos
41,"1599 - BERETTA Roberto
TRB BRESCIA",V1H,12,29:20:55,08:44:12,Italia
42,"3559 - GINE CID Albert
UEC TORTOSA",SEH,26,29:25:28,08:48:45,España
43,"1689 - ZIMMERMANN Denise
Salomon-Suunto Schweiz",SEF,4,29:26:39,08:49:56,Suiza
44,"2708 - LUCKER Alan
BOWLAND FELL RUNNERS",SEH,27,29:29:06,08:52:23,Reino Unido
45,69 - CARRARD Philippe,SEH,28,29:30:48,08:54:05,Suiza
46,1815 - POUPINET Benoit,V1H,13,29:30:48,08:54:05,Francia
47,"39 - CUNNINGHAM Richard
Pearl Izumi Ultrarunning Team",V1H,14,29:46:11,09:09:28,Reino Unido
48,"3492 - MONTANI Alessandro
SISPORTGYM A.S.D.",SEH,29,30:03:09,09:26:26,Italia
49,1558 - MARAZZI Giuseppe,SEH,30,30:17:51,09:41:08,Italia
50,"1509 - GOBERT Maud
TEAM ADIDAS",SEF,5,30:20:59,09:44:16,Francia
51,"115 - COSPOLICH Helen
THE NORTH FACE",SEF,6,30:27:37,09:50:54,Estados Unidos
52,"90 - TUTZO Thierry
PENITENTS EN DURANCE",V1H,15,30:36:22,09:59:39,Francia
53,"3355 - FORI Katia
KINOMANA PARMA",SEF,7,30:38:44,10:02:01,Italia
54,"3126 - BROSEGHINI Gianluca
MAI ZEDER TEAM",SEH,31,30:38:52,10:02:09,Italia
55,1770 - GRANZOTTO Fabio,SEH,32,30:42:41,10:05:58,Italia
56,1539 - CAMARDA Enrico,SEH,33,30:42:58,10:06:15,Italia
57,3094 - SCHLUCHTER Adrien,V2H,2,30:49:29,10:12:46,Suiza
58,"3567 - LEITNER Alois
AUSPO TEAM",V1H,16,30:52:50,10:16:07,Austria
59,"1632 - DELIKAT Patrick
MONTAUBAN BIRAC",V1H,17,30:54:31,10:17:48,Francia
60,"2954 - LAURENT Christophe
ND2BR",V1H,18,31:01:29,10:24:46,Francia
61,"1724 - DORNE Franck
CAF - DSA",V1H,19,31:07:40,10:30:57,Francia
62,"2121 - CUBERO MARTIN Jose Javier
La Pedriza del Manzanares",SEH,34,31:07:57,10:31:14,España
63,"1781 - CUSSAC Thierry
ST WENDELER BEER PRO TEAM",V1H,20,31:16:04,10:39:21,Francia
64,"3162 - RODRIGUEZ JULIO
DENTALCAS CASTELLON",SEH,35,31:52:11,11:15:28,España
65,1536 - TOUBIN Marc,SEH,36,31:57:02,11:20:19,Francia
66,"3159 - VOEFFRAY Julien
LA GLISSE SPORTS, TORGON",SEH,37,32:01:41,11:24:58,Suiza
67,2545 - FINDLEY Andrew,V1H,21,32:01:51,11:25:08,Reino Unido
68,"3106 - MOTSCH Mathieu
COLMAR MARATHON CLUB",SEH,38,32:01:52,11:25:09,Francia
69,"2747 - PETROPOULOS Nikolaos
OLIMPIOI",V1H,22,32:01:53,11:25:10,Grecia
70,"32 - MEIER Christophe
SC CHASSERON",SEH,39,32:04:01,11:27:18,Suiza
71,2762 - CALDUCH PRAT Jordi,SEH,40,32:05:09,11:28:26,España
72,"3351 - GALEATI Gianluca
TERZO TEMPO TRAIL",SEH,41,32:14:00,11:37:17,Italia
73,"2938 - GRAZIELLI Davide
TFFT Genova",SEH,42,32:14:02,11:37:19,Italia
74,2379 - MOUSSEL johann,SEH,43,32:15:35,11:38:52,Francia
75,"3267 - BEREZIAT Jerome
AINPULSION18",SEH,44,32:18:52,11:42:09,Francia
76,"2621 - CLEMENT Benoît
CHOUETTE TEAM",V1H,23,32:20:39,11:43:56,Suiza
77,2983 - DECONIHOUT Jacky,V2H,3,32:20:39,11:43:56,Francia
78,2299 - SEMERJIAN Maria,SEF,8,32:22:18,11:45:35,Francia
79,"86 - BENAMATI Michele
TRIATHLON TRENTINO",V1H,24,32:23:08,11:46:25,Italia
80,191 - EGLI Daniel,V1H,25,32:27:45,11:51:02,Suiza
81,1538 - POOLE Jason,V1H,26,32:27:54,11:51:11,Estados Unidos
82,159 - MAISONNIER Paul,V1H,27,32:30:38,11:53:55,Francia
83,2356 - MINARY Gérard,V2H,4,32:31:41,11:54:58,Francia
84,"1878 - LUX Christoph
TG VIKTORIA AUGSBURG",SEH,45,32:33:48,11:57:05,Alemania
85,2520 - TRIBIUS Thomas,V1H,28,32:34:18,11:57:35,Alemania
86,2834 - VALLS JOVE Roger,SEH,46,32:38:37,12:01:54,España
87,2133 - HENRY Eric,V1H,29,32:48:13,12:11:30,Francia
88,1705 - BESSIERE Jean Christophe,V1H,30,32:49:42,12:12:59,Francia
89,398 - HENRY Patrice,V1H,31,32:51:44,12:15:01,Francia
90,"170 - LEFRANCOIS Jean Luc
ACBB TRIATHLON",V1H,32,32:56:14,12:19:31,Francia
91,1867 - FILGUEIRAS Miguel,V1H,33,32:56:44,12:20:01,España
92,2905 - JACQUET Yves,V2H,5,32:58:52,12:22:09,Francia
93,3489 - PAJEAN Patrice,SEH,47,33:00:27,12:23:44,Francia
94,3232 - GERS Roland,SEH,48,33:01:00,12:24:17,Francia
95,2114 - DE LA CERDA CISTERNES Valentin,SEH,49,33:01:23,12:24:40,España
96,2959 - MINK Achim,V1H,34,33:03:55,12:27:12,Alemania
97,3496 - KONSTANTINOU Panagiotis,V1H,35,33:05:38,12:28:55,Grecia
98,"3215 - POURADY Kian
AC LA CHAPELLE/ERDRE",V1H,36,33:06:16,12:29:33,Francia
99,3012 - FUCHS Hervé,V1H,37,33:09:25,12:32:42,Francia
100,3258 - MOINE Eric,V2H,6,33:09:25,12:32:42,Francia
101,"2124 - BODIGUEL Raphael
GEM TRI ATHLE",V1H,38,33:13:26,12:36:43,Francia
102,127 - EPALE Tanguy,SEH,50,33:15:15,12:38:32,Francia
103,"3153 - SALA Maurizio
AS MERATE",V1H,39,33:15:15,12:38:32,Italia
104,"2591 - GREMEAUX Denis
ASCEA",V1H,40,33:17:15,12:40:32,Francia
105,"3143 - HARRIS Digby
MACCLESFIELD HARRIERS",V1H,41,33:19:05,12:42:22,Reino Unido
106,"3461 - REPELLIN Gilles
LES TRAILERS DU MOLE",V1H,42,33:20:42,12:43:59,Francia
107,2721 - LEPAGE Yann,SEH,51,33:28:36,12:51:53,Francia
108,154 - CASCARINO Paul,V1H,43,33:29:54,12:53:11,Francia
109,"102 - GONZALEZ LOPERA Enric
DIEDRE",SEH,52,33:34:07,12:57:24,España
110,"3535 - LUCHEZ Benoit
EAMYA",SEH,53,33:34:39,12:57:56,Francia
111,1925 - GARNIER Didier,SEH,54,33:35:09,12:58:26,Francia
112,"2826 - BERTON Guy
FCHA",V1H,44,33:36:00,12:59:17,Bélgica
113,"2614 - LAMENDOUR Serge
TEAM MONTRAIL",V1H,45,33:36:45,13:00:02,Francia
114,"2784 - OSCAR Aguinaga Iza
HUMICLIMA",SEH,55,33:44:56,13:08:13,España
115,"1778 - CARRERAS Enric
U. E. SANT JOAN DE LES ABADESSES",SEH,56,33:45:22,13:08:39,España
116,"2559 - GRIMPE LUHMANN Niels
SWISS JURA ANGELS",V1H,46,33:46:49,13:10:06,Alemania
117,2854 - BINDER Hubert,V1H,46,33:46:49,13:10:06,Francia
118,"3393 - GUNTNER Dieter
DAV NEULAND",V1H,48,33:52:21,13:15:38,Alemania
119,3495 - LAVILLE Dominique,V2H,7,34:01:05,13:24:22,Francia
120,"1995 - CASTELLI Simonetta
G.S. ALTITUDE",V1F,1,34:04:20,13:27:37,Italia
121,2742 - LOBRY Renaud,V1H,49,34:13:28,13:36:45,Francia
122,"132 - WESTAWAY Robert
SERPENTINE",V1H,50,34:13:54,13:37:11,Nueva Zelandia
123,163 - KOZANITIS Konstantinos,V1H,51,34:14:50,13:38:07,Grecia
124,"3171 - FORTMANN Margaretha
Challenge by Choice, Squamish",SEF,9,34:15:23,13:38:40,Australia
125,1673 - POLY Roland,V3H,1,34:18:04,13:41:21,Francia
126,"2693 - DELILLE David
SAONE MONT D'OR NATURE",SEH,57,34:18:45,13:42:02,Francia
127,3301 - CHELIUS Guillaume,SEH,58,34:27:03,13:50:20,Francia
128,3626 - DELARUE Martin,V1H,52,34:27:03,13:50:20,Francia
129,"3441 - FELGINES Bruno
UAOHV",V1H,53,34:29:49,13:53:06,Francia
130,"2011 - BAUDET Francis
CMBM",V2H,8,34:29:56,13:53:13,Francia
131,"3348 - CAVERT DE LA TOUR Gilles
ATTIPA",V1H,54,34:34:32,13:57:49,Francia
132,3050 - RADAELLI Franco,V1H,55,34:36:18,13:59:35,Italia
133,"2180 - POLGAR Pal
Budapest BSE",V2H,9,34:36:28,13:59:45,Hungría
134,"98 - ROY Didier
RUNNING CONSEIL PONTARLIER",V1H,56,34:38:13,14:01:30,Francia
135,"1555 - NAKAGAWA Takashi
TEAM MATUNAGA",SEH,59,34:38:55,14:02:12,Japón
136,"1703 - DE FRANCISCO Oscar
PAQUETAZOS",SEH,60,34:44:05,14:07:22,España
137,1537 - FIEDLER Dietmar,SEH,61,34:45:26,14:08:43,Austria
138,1659 - SAULAY Joel,V1H,57,34:48:30,14:11:47,Francia
139,2648 - SIENER Tom,V1H,58,34:48:32,14:11:49,Alemania
140,2321 - CARRASCO Cyrille,V1H,59,34:54:23,14:17:40,Francia
141,"2314 - VAUGOYEAU Damien
EAG 3DTRAIL",SEH,62,34:54:44,14:18:01,Francia
142,"2177 - LEFEBVRE Serge
PASS RUNNING",V1H,60,34:59:17,14:22:34,Francia
143,"2201 - LOHNER Beat
TRANSALPINE TEAM LIECHTENSTEIN",V1H,61,34:59:36,14:22:53,Suiza
144,2405 - CARMINATI Christophe,V1H,62,35:00:02,14:23:19,Francia
145,"1612 - MORELLI Pascal
AXA SPORTS ET LOISIRS",SEH,63,35:00:03,14:23:20,Francia
146,2522 - TIRELLO Patrick,V1H,63,35:00:38,14:23:55,Francia
147,1745 - TREUIL Philippe,V2H,10,35:02:03,14:25:20,Francia
148,"1643 - VIDOTTO FREDERIC
LES RAPID'EAUX",SEH,64,35:02:36,14:25:53,Francia
149,2782 - SETTESOLDI Daniele,V1H,64,35:04:42,14:27:59,Italia
150,"3427 - CRUZ LADERA Valenti
XINO-XANO",V1H,65,35:05:27,14:28:44,España
151,"3004 - EYROULET Nicolas
BEAUMONT ATHLETIQUE CLUB",SEH,65,35:09:28,14:32:45,Francia
152,"3011 - PASERO Marie Christine
AVOC",V2F,1,35:10:11,14:33:28,Francia
153,"1883 - RIUS TORNER Joan
ACTISPORT",V1H,66,35:10:13,14:33:30,España
154,2713 - PILLAUD Stephane,V1H,67,35:11:12,14:34:29,Francia
155,553 - JUNG Stéphane,V1H,68,35:13:46,14:37:03,Francia
156,"2428 - DE CHIVRE Denis
LE TEIL COURT",SEH,66,35:16:20,14:39:37,Francia
157,2225 - ABRY Adrien,SEH,67,35:16:55,14:40:12,Francia
158,"265 - SACCARDO Carlo
TNF",V2H,11,35:17:43,14:41:00,Italia
159,3568 - ZACCARIA Massimo,V1H,69,35:17:44,14:41:01,Italia
160,"3404 - ARRIGONI Giuliana
3 LIFE",V1F,2,35:20:27,14:43:44,Italia
161,"2138 - BROWN Richard
MACCLESFIELD HARRIERS",V1H,70,35:20:38,14:43:55,Reino Unido
162,2476 - ARNASON Borkur,SEH,68,35:22:57,14:46:14,Islandia
163,182 - BLACHAS Bernard,V3H,2,35:24:32,14:47:49,Francia
164,"281 - FOIADELLI Elio
asd runners begramo",V1H,71,35:27:19,14:50:36,Italia
165,345 - BATISSE Bruno,SEH,69,35:29:35,14:52:52,Francia
166,"2830 - PENSA Patrizia
POLISPORTIVA BESANESE",V1F,3,35:29:38,14:52:55,Italia
167,2896 - FERRE Michel,V2H,12,35:31:23,14:54:40,Francia
168,2635 - CHERIX Michel,V1H,72,35:36:30,14:59:47,Suiza
169,"2102 - BERTHE Stephane
UA TARBES TRIATHLON",V1H,73,35:38:17,15:01:34,Francia
170,3035 - GABORIEAU Gerald,V1H,74,35:39:29,15:02:46,Francia
171,3544 - TEYSSANDIER Frederic,SEH,70,35:41:10,15:04:27,Francia
172,"2989 - LECOANET david
RAMS",V1H,75,35:41:19,15:04:36,Francia
173,"1811 - ARINO MATIES Juan Salvador
MISJUEVES",V2H,13,35:41:49,15:05:06,España
174,"3585 - ESCUDERO Thierry
TRAILER DU MOLE",V1H,76,35:45:19,15:08:36,Francia
175,"392 - DORIDANT Bruno
SPECK SPORT",V1H,77,35:46:42,15:09:59,Francia
176,"124 - SCHROEDER Arnaud
US Palaiseau Triathlon",SEH,71,35:46:53,15:10:10,Francia
177,"1610 - SILVA Pedro
MILLENNIUMBCP",V1H,78,35:47:48,15:11:05,Portugal
178,3510 - MONVILLE Hugo,SEH,72,35:47:49,15:11:06,Francia
179,1988 - SORIANO Salvador,V2H,14,35:49:45,15:13:02,Francia
180,"1780 - MARTIN POZAS Jesus
TIERRA TRAGAME",V1H,79,35:50:48,15:14:05,España
181,2221 - HEUZE Franck,V1H,80,35:52:21,15:15:38,Francia
182,2991 - KEELY Tom,V1H,81,35:54:50,15:18:07,Reino Unido
183,3378 - ARKOUDIS Prokopios,V1H,82,35:55:47,15:19:04,Grecia
184,"3420 - ORLEANU Mihai
TEAM ECOMAN",V1H,83,35:55:48,15:19:05,Rumania
185,"3082 - CHERIET Raphael
UNION NORD EST 95",V1H,84,35:55:50,15:19:07,Francia
186,"2311 - MARTINI Stefano
G.S. MERCURYUS",SEH,73,35:56:31,15:19:48,Italia
187,1733 - ABBEY Gabriel,SEH,74,35:57:07,15:20:24,Francia
188,"1626 - VANCASSEL Olivier
APACHES",SEH,75,36:00:27,15:23:44,Francia
189,"2992 - CONVERTINI Pietro
A .L.AUBIERE",V1H,85,36:02:38,15:25:55,Francia
190,431 - MERINDOL Bruno,SEH,76,36:04:35,15:27:52,Francia
191,96 - CUVEILLIER Jean-François,V1H,86,36:04:45,15:28:02,Francia
192,"2769 - HEMPEL Michael
BERGWACHT PIRNA",SEH,77,36:05:30,15:28:47,Alemania
193,"2930 - NARBAUD Vincent
AMICALE DE NEUVILLE ATHLETISME",V1H,87,36:05:37,15:28:54,Francia
194,"214 - HOSAKA Tomohiro
OTOKO JUKU SPORCIVA",SEH,78,36:05:52,15:29:09,Japón
195,2604 - ONO Masahiro,SEH,79,36:05:53,15:29:10,Japón
196,"218 - OKUBO Takashi
WASEDA　CLUB",SEH,80,36:05:54,15:29:11,Japón
197,"1559 - YAMADA Takashi
NPO TORTOISE",SEH,80,36:05:54,15:29:11,Japón
198,"3357 - SEKI Junichi
THE SOUTH FACE",SEH,80,36:05:54,15:29:11,Japón
199,"2151 - COSTA Jean-Pierre
I FILANCI",V2H,15,36:08:03,15:31:20,Francia
200,3043 - CASSAN Benoit,V1H,88,36:08:52,15:32:09,Francia
201,3111 - EDELIN Bruno,V1H,89,36:11:51,15:35:08,Francia
202,2948 - VICENTE Muñoz Romero,SEH,83,36:13:58,15:37:15,España
203,3330 - LOEWENGUTH Geraldine,V1F,4,36:16:00,15:39:17,Francia
204,2374 - DUCOURTIEUX Jean Luc,V2H,16,36:16:04,15:39:21,Francia
205,3166 - BARNETT Daniel,SEH,84,36:16:48,15:40:05,Reino Unido
206,"1662 - PEREZ VALERO Alberto
VERTICRUNNERS",SEH,85,36:17:55,15:41:12,España
207,"2441 - CASAS ALVAREZ Judit
DIEDRE",SEF,10,36:17:55,15:41:12,España
208,"2471 - SOLER Gerard
AE DIEDRE",SEH,85,36:17:55,15:41:12,España
209,"2779 - PLANELLA Mateu
ASS.ESP.DIEDRE",SEH,85,36:17:55,15:41:12,España
210,2798 - JAILE CASADEMONT Joel,SEH,85,36:17:55,15:41:12,España
211,"2886 - SALICRU MUNTANER Josep Maria
FONDISTES BLANES",SEH,85,36:17:55,15:41:12,España
212,2097 - JOBERT Jérémy,SEH,90,36:18:13,15:41:30,Francia
213,3063 - LASCOLS Bruno,V2H,17,36:19:40,15:42:57,Francia
214,"2723 - GRANDJEAN Denis
MED",V2H,18,36:19:46,15:43:03,Suiza
215,505 - AZEGGAGH Rachid,V1H,90,36:19:48,15:43:05,Francia
216,2224 - BOITTE Eric,V1H,91,36:19:53,15:43:10,Francia
217,2452 - GASPERI Regis,V1H,92,36:20:37,15:43:54,Francia
218,"3554 - BARBIER Franck
SEZANNE TRIATHLON",V1H,93,36:21:40,15:44:57,Francia
219,"2953 - SOULOUMIAC Arnaud
VANVES RUN CLUB 92",V1H,94,36:22:17,15:45:34,Francia
220,"3327 - GARCÍA RODRÍGUEZ Francisco
Izadi Zaleak",V1H,95,36:22:18,15:45:35,España
221,2971 - ALEXANDROWICZ Laurent,V1H,96,36:22:30,15:45:47,Francia
222,"161 - ELLIS Simon
TATTENHALL RUNNERS",V1H,97,36:23:47,15:47:04,Reino Unido
223,"1902 - FESTORAZZI Fabio
POL.ISPORTIVA PAGNONA",V1H,98,36:24:02,15:47:19,Italia
224,357 - TAKAMATSU Naoto,SEH,91,36:25:12,15:48:29,Japón
225,270 - MARCLAY Mickael,SEH,92,36:25:16,15:48:33,Francia
226,"2465 - BOUTET Alain
POITIERS EC",V1H,99,36:26:18,15:49:35,Francia
227,"2454 - CHAFFARD Didier
LES TRAILERS DU MOLE",V1H,100,36:27:55,15:51:12,Francia
228,2915 - BUENO LORENZO Manuel Ignacio,V1H,101,36:28:50,15:52:07,España
229,2370 - CAILLE Nicolas,V1H,102,36:34:13,15:57:30,Francia
230,"3434 - CHARPENTIER Rodolphe
TEAM SWISS TRAIL",SEH,93,36:35:33,15:58:50,Francia
231,2237 - AOYAMA Tatsuro,SEH,94,36:35:46,15:59:03,Japón
232,2524 - FILHOL Laurent,SEH,95,36:36:23,15:59:40,Francia
233,"1808 - SANAGUSTIN AGUSTIN Francisco Javier
PENA GUARA",V2H,19,36:39:49,16:03:06,España
234,"1735 - BADIA IZQUIERDO Enrique
PENA GUARA",SEH,96,36:42:47,16:06:04,España
235,1581 - VUILLEMIN Frederic,V1H,103,36:45:22,16:08:39,Francia
236,"119 - DI MEO Gianluca
IZ SKYRACING",SEH,97,36:45:54,16:09:11,Italia
237,2361 - BARANOW Tomasz,SEH,98,36:46:19,16:09:36,Polonia
238,296 - LEGGETT Mark,V1H,104,36:47:29,16:10:46,Reino Unido
239,"2479 - ABE Hiroshi
TEAM USUKAWA",SEH,99,36:48:08,16:11:25,Japón
240,"2478 - SADAHIRO Kazunori
TEAM USUKAWA",SEH,100,36:48:09,16:11:26,Japón
241,"3040 - EVAIN Gerard
ATHLE DU PAYS DE REDON",V1H,105,36:48:57,16:12:14,Francia
242,"121 - NOVELLO Roberto
UNIONE SPORTIVA SAN MICHELE",SEH,101,36:49:03,16:12:20,Italia
243,"3620 - ROSAZ Marc
RESPECTONS LA TERRE",SEH,102,36:50:11,16:13:28,Francia
244,"2975 - LEROUX Stéphane
UNION MONTELIMAR SPORTS A S A D",V1H,106,36:50:24,16:13:41,Francia
245,"1924 - MEYER Jean-Francois
RUNNING CLUB ORBEY",V1H,107,36:51:18,16:14:35,Francia
246,255 - BARTHELEMY Gilbert,V2H,20,36:51:36,16:14:53,Francia
247,"2453 - GREGAARD Frederik
WWW.BOOSTADVENTURE.DK",SEH,103,36:52:27,16:15:44,Dinamarca
248,"3384 - CHARRON Quentin
EC SARTROUVILLE",SEH,104,36:54:12,16:17:29,Francia
249,308 - SOLOVIEV Serguei,V1H,108,36:56:07,16:19:24,Ucrania
250,2034 - DUCERF Franck,V1H,109,37:00:43,16:24:00,Francia
251,1800 - JOUINOT Frédéric,SEH,105,37:03:21,16:26:38,Francia
252,"367 - PETITJEAN Damien
UA SOCIETE GENERALE",SEH,106,37:03:27,16:26:44,Francia
253,"336 - DUJARDIN Willy
CCAS SIDEL",SEH,107,37:03:31,16:26:48,Francia
254,"1839 - ESPITALIER Laurent
MARSEILLE TRAIL CLUB",V1H,110,37:03:33,16:26:50,Francia
255,2748 - ETHEVE Jean Marie,V1H,111,37:03:37,16:26:54,Francia
256,"3251 - MASSANA CUADRAS Jordi
AE TALAIA/ATLETES VNG",SEH,108,37:11:33,16:34:50,España
257,"3028 - CHIROL Jean-Pierre
ASPTT PERIGUEUX",V2H,21,37:14:51,16:38:08,Francia
258,"112 - CHAPUIS didier
POUR AILES",V1H,112,37:16:56,16:40:13,Francia
259,2407 - FAYS Alain,V2H,22,37:17:49,16:41:06,Francia
260,2408 - COLLOUD Yves,V1H,113,37:18:18,16:41:35,Francia
261,"239 - CAVALIER Jerôme
RAID 3D",V1H,114,37:20:45,16:44:02,Francia
262,2327 - MURDOCK Kevin,V1H,115,37:21:06,16:44:23,Irlanda
263,2862 - PIGEAULT Jean-Luc,V2H,23,37:24:07,16:47:24,Francia
264,3014 - DELEMONTEZ Didier,V2H,24,37:24:08,16:47:25,Francia
265,2166 - ANDRADES CHACON Antonio,V1H,116,37:24:14,16:47:31,España
266,2355 - BARTOLINI Alain,SEH,109,37:31:25,16:54:42,Suiza
267,"3457 - GOFFARD Philippe
ASPTT ANNECY TEAM SYSTEME U",V2H,25,37:32:55,16:56:12,Francia
268,"3385 - MARIO Rodriguez Alvarez
TIERRA TRAGAME",SEH,110,37:33:06,16:56:23,España
269,"2159 - SAVELLI Guy
ALE Echirolles",V1H,117,37:33:34,16:56:51,Francia
270,135 - SOUSA LEBANIEGOS Jose Ramon,SEH,111,37:34:40,16:57:57,España
271,"203 - ETCHENIQUE Jean-Paul
BAZTANDARRAK",V1H,118,37:35:24,16:58:41,Francia
272,"2045 - GALANENA AGUIRRE Ximun
BAZTANDARRAK",V1H,119,37:35:25,16:58:42,Francia
273,"3511 - ZONCA Frederic
TEAM DRE DANS L'PENTU",V1H,120,37:37:27,17:00:44,Francia
274,"2131 - DACE Tranina
Riga",SEF,11,37:37:34,17:00:51,Letonia
275,3002 - HORENT FRANCK,V1H,121,37:38:10,17:01:27,Francia
276,"3440 - LESTAK Peter
JAMES SLOVAK MOUNTAINEERING UNION",V1H,122,37:38:28,17:01:45,Eslovaquia
277,"2631 - SANCHEZ VIÑES Oscar
Club Excursionista Priorat",SEH,112,37:38:33,17:01:50,España
278,"2464 - PELAEZ FERNANDEZ Juana Maria
DANTZALEKUSAKANA",V1F,5,37:41:07,17:04:24,España
279,2282 - CONTI Tommaso,SEH,113,37:42:43,17:06:00,Italia
280,1987 - BARDON-SORIANO Geneviève,V2F,2,37:44:08,17:07:25,Francia
281,"1899 - MIQUEL Jean Pierre
ACP PAMIERS",V1H,123,37:44:29,17:07:46,Francia
282,"2831 - POZZI Giovanni
GS UL GIR DE MUNT",V1H,124,37:46:12,17:09:29,Italia
283,3144 - ALBERTI Corrado,V1H,124,37:46:12,17:09:29,Italia
284,"3632 - GAMEN Philippe
Courchevel Ski Alpinisme",V1H,126,37:47:44,17:11:01,Francia
285,"2477 - TAMAGAWA Hiroyuki
AHIRU CLUB - TEAM PARIS MARATHON",SEH,114,37:47:52,17:11:09,Japón
286,"2783 - PINTO FULLA Enric
CECB",SEH,115,37:48:33,17:11:50,España
287,"260 - CODINA VENTURA Jordi
U.E.C BAGA",SEH,116,37:48:34,17:11:51,España
288,"2303 - BONY Bastien
CS PROVINS ATHLETISME",V1H,127,37:48:42,17:11:59,Francia
289,"3147 - ABEL Laurent
A2M",V1H,128,37:50:18,17:13:35,Francia
290,2162 - PERRIER Jerome,SEH,117,37:55:05,17:18:22,Francia
291,"1603 - GINER Yohann
VIENNE LEO",SEH,118,37:55:40,17:18:57,Francia
292,2725 - ACHARD Eric,V2H,26,37:55:53,17:19:10,Francia
293,"3324 - ARNAUD Laurent
SPRIDON LA ROCHELLE",V1H,129,37:57:16,17:20:33,Francia
294,1734 - GOMBERT Laurent,SEH,119,37:57:40,17:20:57,Francia
295,"3383 - BREFUEL Ghislain
SPORT CAUSSE AVENTURE",V1H,130,37:57:41,17:20:58,Francia
296,"3572 - GABET Yann
TEAM ENDURANCE SHOP BESANCON",V1H,131,37:57:58,17:21:15,Francia
297,2164 - FLAMAND Yannick,V1H,132,37:58:31,17:21:48,Francia
298,"3117 - COTART Philippe
OZON COURIR",SEH,120,37:58:31,17:21:48,Francia
299,"172 - OUVRIER-NEYRET Edmond
STAUBLI-SPORTS",V1H,133,38:00:30,17:23:47,Francia
300,2686 - PACKER Ignacio,V1H,134,38:01:57,17:25:14,Reino Unido
301,2283 - CORBEIL Jocelyn,V1H,135,38:02:02,17:25:19,Canadá
302,3135 - BURGIN Freddy,V1H,136,38:03:16,17:26:33,Suiza
303,"450 - CUCCHI Sergio
RUN & TRAIL",V1H,137,38:03:36,17:26:53,Italia
304,"2275 - CHYRA Laurent
JOGGERS DU COUESNON",V1H,138,38:06:03,17:29:20,Francia
305,146 - GRUFFAZ Olivier,V1H,139,38:06:12,17:29:29,Francia
306,145 - GRUFFAZ Corine,SEF,12,38:06:13,17:29:30,Francia
307,"1865 - ARLOT christophe
CAF DSA",V1H,140,38:07:00,17:30:17,Francia
308,"3443 - KITRINOS Nikos
http://www.kasimistraining.gr/",V1H,141,38:07:39,17:30:56,Grecia
309,2256 - LAMBERT Laurent,V1H,142,38:07:46,17:31:03,Francia
310,"2455 - REEVES Thomas
ELVET STRIDERS",V1H,143,38:08:04,17:31:21,Reino Unido
311,2752 - MIAYOKILA Fabrice,SEH,121,38:08:11,17:31:28,Francia
312,"1854 - LOPEZ TOLEDANO Victor
MADTEAM",SEH,122,38:08:56,17:32:13,España
313,1901 - CROS Benoit,SEH,123,38:09:54,17:33:11,Francia
314,1569 - MYRTAL Eddy,V1H,144,38:10:11,17:33:28,Francia
315,34 - WATANABE Chiharu,V1H,145,38:10:13,17:33:30,Japón
316,2732 - MELIA Brian John,V1H,145,38:10:13,17:33:30,Reino Unido
317,3199 - WOLSTENCROFT Philip,V1H,147,38:10:49,17:34:06,Reino Unido
318,"1845 - OBEIN GAEL
UFO",SEH,124,38:11:01,17:34:18,Francia
319,2521 - HUBNER Xavier,SEH,125,38:11:06,17:34:23,Francia
320,"1840 - JUSTICIA SALGADO Jordi
CAMBRILS GRUP LES BARQUES",SEH,126,38:13:05,17:36:22,España
321,"3542 - CIUDAD David
K2",SEH,126,38:13:05,17:36:22,España
322,289 - LIATARD Bernard,V1H,148,38:13:06,17:36:23,Francia
323,3100 - DAL BIANCO Lino,V1H,149,38:13:35,17:36:52,Italia
324,"2304 - SIMONCIC Yannick
PASS\'RUNNING",SEH,128,38:15:26,17:38:43,Francia
325,"2947 - GRANGIER Aline
TRI CLUB GENEVE",SEF,13,38:15:52,17:39:09,Suiza
326,285 - MIGEON Jy,V1H,150,38:16:07,17:39:24,Francia
327,3417 - KOSMERL Stojan,V2H,27,38:16:19,17:39:36,Eslovenia
328,"3405 - COMINOTTI Giacomo
2 SLOW ASD",V1H,151,38:16:24,17:39:41,Italia
329,2764 - DAN Koji,V2H,28,38:17:53,17:41:10,Japón
330,"2552 - MIGUEL Arburua Berrueta
ERLAITZ MENDI TALDEA",V1H,152,38:18:50,17:42:07,España
331,"1694 - PALOMARES MORENO Andrés-Alejandro
CLUB MUNTANYENC MOLLET",V1H,153,38:20:29,17:43:46,España
332,1932 - SEYEUX Olivier,V1H,154,38:22:35,17:45:52,Francia
333,"2899 - NOLTE Robert
LC OLYMPIA WIESBADEN",SEH,129,38:25:35,17:48:52,Alemania
334,"3235 - MOYSE JEROME
VMT",V1H,155,38:26:11,17:49:28,Francia
335,2426 - PECH Robert,V1H,156,38:26:23,17:49:40,Francia
336,2550 - GOGL Hansjörg,V2H,29,38:27:48,17:51:05,Austria
337,2549 - HALLAMA Doris,SEF,14,38:27:49,17:51:06,Austria
338,2774 - PETIT Gilles,V1H,157,38:27:50,17:51:07,Francia
339,3131 - BOCHET Olivier,V1H,158,38:29:22,17:52:39,Francia
340,"644 - ALVAREZ ESTEVEZ Enrique Luis
GALLAECIARAID-FOGAR CARBALLO",V1H,159,38:29:46,17:53:03,España
341,"1587 - GUTIERREZ LIMONES Jose Luis
ALCALAREÑO DE MONTAÑA",V1H,160,38:30:57,17:54:14,España
342,2563 - LETAIEF Mahmoud,V1H,161,38:36:25,17:59:42,Francia
343,"1638 - GEREMIA Daniel
USEE",V1H,162,38:38:17,18:01:34,Francia
344,"1766 - KEIGHLEY-ELSTUB Henry
Wimbledon Windmilers",V1H,163,38:38:48,18:02:05,Reino Unido
345,"2330 - DE SANTIAGO IGLESIAS Luis
CLUB MUNTANYENC SANT CUGAT",V1H,164,38:39:11,18:02:28,España
346,"3561 - KUPERBERG Dan
Winthrop Mountain Sports",V1H,165,38:39:25,18:02:42,Estados Unidos
347,"1553 - BAUMANN Ryan
SALOMON",SEH,130,38:40:45,18:04:02,Suiza
348,"3316 - FOUQUERAY pascal
AC LA CHAPELLE SUR EDRE",V1H,166,38:41:07,18:04:24,Francia
349,2877 - FRANCOIS Philippe,V2H,30,38:41:32,18:04:49,Francia
350,"3314 - BERRA Aitor
SPUC",SEH,131,38:41:50,18:05:07,Francia
351,355 - KAYSER Marc,V2H,31,38:43:01,18:06:18,Luxemburgo
352,"3377 - BIDAULT David
COURIR A SAINT GERVAIS",SEH,132,38:43:01,18:06:18,Francia
353,2404 - WAGENER Joe,SEH,133,38:43:02,18:06:19,Luxemburgo
354,2890 - HUBER Marcel,V1H,167,38:43:26,18:06:43,Suiza
355,2577 - YAMADA Shinya,SEH,134,38:44:08,18:07:25,Japón
356,2957 - MILLAN MARCO Salvador,V1H,168,38:44:27,18:07:44,España
357,424 - DESTRUEL Jerome,SEH,135,38:45:07,18:08:24,Francia
358,"397 - SHINDO Masato
TEAM MOMO",V1H,169,38:45:08,18:08:25,Japón
359,"2181 - D'AGOSTINO Raffaele
PODISTICA AVEZZANO",V1H,170,38:45:37,18:08:54,Italia
360,"3092 - ESTHER Sully
AXA SPORTS ET LOISIRS",V2H,32,38:46:34,18:09:51,Francia
361,2707 - LEY Volker,V1H,171,38:48:33,18:11:50,Alemania
362,2579 - KROMMENACKER David,SEH,136,38:49:49,18:13:06,Francia
363,"365 - IWASA Koichi
OTOKO JUKU",V1H,172,38:49:53,18:13:10,Japón
364,"488 - KOLLER Harald
WWW.AUSPOTEAM.AT /BERGRETTUNG",V1H,173,38:50:36,18:13:53,Austria
365,"3546 - COURIVAUD Nicolas
AS GROUPE SFR",SEH,137,38:51:46,18:15:03,Francia
366,"2280 - MORESCHINI Andrea
SPIRITO TRAIL",V1H,174,38:52:06,18:15:23,Italia
367,2125 - ARNAL Gilles,V1H,175,38:52:15,18:15:32,Francia
368,428 - TOURON Jean-Michel,SEH,138,38:52:59,18:16:16,Francia
369,"262 - DE BELDER Daniel
SERPENTINE",SEH,139,38:53:25,18:16:42,Reino Unido
370,1753 - LEACH Ian,SEH,140,38:54:54,18:18:11,Reino Unido
371,"1513 - KOERNER Hal
THE NORTH FACE",SEH,141,38:55:39,18:18:56,Estados Unidos
372,"2489 - HORTON Roch
PATAGONIA ULTRARUNNING TEAM",V2H,33,38:55:39,18:18:56,Estados Unidos
373,492 - BRAMMAR Steve,V1H,176,38:57:54,18:21:11,Reino Unido
374,"2536 - BERNORIO Alessandro
USC MARATHON VERBANIA",V1H,177,39:00:17,18:23:34,Italia
375,2719 - GIRGIN Sertan,SEH,142,39:04:25,18:27:42,Turquía
376,"2790 - TAJADA VITALES Manuel David
ALL RADICAL MOUNTAIN",SEH,143,39:04:26,18:27:43,España
377,"1623 - FLORES ROMERO Juan
CLUB GR 10",SEH,144,39:08:27,18:31:44,España
378,"509 - FRAGNER Frederic
VANVES RUN CLUB 92",V1H,178,39:10:45,18:34:02,Francia
379,323 - BLANCHARD Eric,V1H,179,39:11:41,18:34:58,Francia
380,109 - CHOQUET-BOTELLA Alexandre,SEH,145,39:13:05,18:36:22,Francia
381,533 - DESFOSSEZ Vincent,V2H,34,39:15:41,18:38:58,Francia
382,1605 - CAZIN Christophe,SEH,146,39:19:35,18:42:52,Francia
383,2815 - MELCHIORRI Marco,V1H,180,39:20:37,18:43:54,Italia
384,"166 - LEUENBERGER Patrick
TRICLUB AARAU",V1H,181,39:22:07,18:45:24,Suiza
385,434 - GALE Joseph,SEH,147,39:22:10,18:45:27,Reino Unido
386,1928 - ARIMONT Jean-Marc,V1H,182,39:22:25,18:45:42,Bélgica
387,2439 - JAN Emmanuel,V1H,183,39:22:48,18:46:05,Francia
388,1937 - DELACHAT Benoît,V1H,184,39:22:59,18:46:16,Francia
389,1835 - RUFFIER MONET Nicolas,V1H,185,39:23:12,18:46:29,Francia
390,"1582 - RIZZO Pietro
gli orsi",V1H,186,39:24:28,18:47:45,Italia
391,269 - DELBARRE Anthony,SEH,148,39:24:54,18:48:11,Francia
392,"1747 - ASTOLFI Frederic
ASUD JOGGING",V1H,187,39:24:59,18:48:16,Francia
393,2443 - THUBE Pascal,V1H,188,39:25:16,18:48:33,Francia
394,"2015 - MUNDET FRONTELA Xavier
GRUP MUNTANYA ULLASTRELL / CAMBRILS GRUP LES BARQUES",V1H,189,39:26:06,18:49:23,España
395,2030 - BOVY Michel,V2H,35,39:26:33,18:49:50,Francia
396,"3530 - ZARCO BARRERA Emilio
ASS. ESP. INTEMPERIE",V1H,190,39:26:35,18:49:52,España
397,1919 - GUITTON Pascal,V1H,191,39:27:18,18:50:35,Francia
398,2050 - GALLOT Patrick,V1H,191,39:27:18,18:50:35,Francia
399,328 - DELATTRE Jerome,V1H,193,39:27:22,18:50:39,Francia
400,"1685 - MANGIA Marcello
Gruppo sportivo Vergine Maria Palermo",V1H,194,39:28:05,18:51:22,Italia
401,"2246 - CHENOT Pascal
RUNAR S",V1H,195,39:28:54,18:52:11,Francia
402,"2652 - BECAERT Stephane
NON LICENCIE",V1H,196,39:29:09,18:52:26,Francia
403,"240 - PLANTIE Philippe
CMBM",V1H,197,39:30:05,18:53:22,Francia
404,542 - TORU Azumai,V2H,36,39:30:12,18:53:29,Japón
405,174 - NAULIN Mathieu,SEH,149,39:30:27,18:53:44,Francia
406,2740 - NAULIN Alban,SEH,150,39:30:28,18:53:45,Francia
407,"2244 - PAVAGEAU Nicolas
ACLR",SEH,151,39:31:01,18:54:18,Francia
408,3182 - GONNORD Samuel,SEH,151,39:31:01,18:54:18,Francia
409,3264 - EXCOFFIER Frederic,V1H,198,39:31:05,18:54:22,Francia
410,"2333 - GIL Frederic
BACN",V1H,199,39:31:40,18:54:57,Francia
411,2901 - MAITENAZ Bruno,V1H,200,39:31:59,18:55:16,Francia
412,"371 - AFSHAR Dan
WEST 4",SEH,153,39:33:16,18:56:33,Reino Unido
413,"3442 - SEIN Benât
SPUC LASTERKA",V1H,201,39:34:12,18:57:29,Francia
414,1795 - SUIVRE Pascal,V1H,202,39:35:50,18:59:07,Francia
415,"1681 - MENARD David
ESSHA CANDE",V1H,203,39:35:51,18:59:08,Francia
416,1907 - VIAUD laurent,V1H,203,39:35:51,18:59:08,Francia
417,"3423 - WURRY Nathalie
STADE BORDELAIS",V1F,6,39:36:58,19:00:15,Francia
418,"2400 - BOIS Chantal
STADE RODEZ ATHLETISME",V1F,7,39:36:59,19:00:16,Francia
419,"3591 - JACKSON Helen
HAGLOFS UK",SEF,15,39:38:45,19:02:02,Reino Unido
420,375 - BUGNON Jean-Marc,V2H,37,39:39:41,19:02:58,Francia
421,1585 - EYLES George,SEH,154,39:39:41,19:02:58,Reino Unido
422,1856 - COURTENS Fabrice,SEH,154,39:39:41,19:02:58,Francia
423,1884 - ANDRE stephane,V1H,205,39:39:41,19:02:58,Francia
424,3629 - RAAB Michael,V1H,206,39:40:02,19:03:19,Alemania
425,"2141 - ELORZA DOMINGUEZ Igor
MAPFRE VENEZUELA",V1H,207,39:43:33,19:06:50,Venezuela
426,1859 - ANDRE Guillaume,SEH,156,39:43:34,19:06:51,Francia
427,"2528 - DUFOREST Eric
ATHLETIC BELAIR CLUB",V1H,208,39:44:56,19:08:13,Francia
428,"2009 - PIOVAN Jean-Luc
SOLEIL ROUGE",V1H,209,39:45:06,19:08:23,Francia
429,"2198 - DUVERT Herve
069075",V1H,210,39:45:31,19:08:48,Francia
430,1600 - COURTIAU robert,V2H,38,39:45:37,19:08:54,Francia
431,"2403 - KRUMM Jean-Yves
FAC",V2H,39,39:45:42,19:08:59,Francia
432,579 - HRABICA Jaroslav,SEH,157,39:47:17,19:10:34,República Checa
433,2709 - EVANS Guy,SEH,158,39:47:33,19:10:50,Reino Unido
434,"3322 - KNODEL Ralf
DJK SCHWABISCH GMUND",V2H,40,39:47:34,19:10:51,Alemania
435,1754 - AIURA Hayato,SEH,159,39:48:24,19:11:41,Japón
436,332 - PERRET Philippe,V1H,211,39:51:44,19:15:01,Francia
437,"3310 - VINTROU Yan
MARINE NATIONALE",SEH,160,39:52:15,19:15:32,Francia
438,"1692 - LE ROUX Eric
UA SOCIETE GENERALE",SEH,161,39:52:44,19:16:01,Francia
439,1816 - LEROY Theo,V2H,41,39:52:49,19:16:06,Bélgica
440,3353 - GARANGER Franck,V1H,212,39:52:59,19:16:16,Francia
441,2737 - CAIROLI Hervé,V1H,213,39:53:44,19:17:01,Francia
442,"2156 - QUEMARD Guillaume
ATHLE PAYS DE REDON",V1H,214,39:54:16,19:17:33,Francia
443,"2215 - TURZO Marc
TONTONTRAILEURS",V1H,215,39:54:23,19:17:40,Francia
444,"2104 - QUINTANA SANTANA Daniel
ARISTA",SEH,162,39:54:27,19:17:44,España
445,"3490 - CART Bruno
CORDON",V2H,42,39:54:59,19:18:16,Francia
446,1580 - ANTOLI SARRAU Oriol,SEH,163,39:55:00,19:18:17,España
447,"2982 - MESTRE MESEGUER Antonio
TRAIL SER LA SENIA",V2H,43,39:55:01,19:18:18,España
448,2119 - SAUGEOT Cedric,SEH,164,39:55:12,19:18:29,Francia
449,"2941 - SIMONOFF Alexandre
ASR TRAIL",SEH,165,39:57:41,19:20:58,Francia
450,1866 - CHAMBRIARD Loic,SEH,166,39:57:44,19:21:01,Francia
451,1710 - SHEARN Sebastien,SEH,167,39:58:51,19:22:08,Francia
452,"2247 - GLESCIC Mitja
SD ELEKTRO PRIMORSKA",SEH,168,40:00:04,19:23:21,Eslovenia
453,"2412 - MACUH Peter
TK SMARNOGORSKA NAVEZA",V2H,44,40:00:04,19:23:21,Eslovenia
454,1672 - SOHIER Pascal,V2H,45,40:00:45,19:24:02,Francia
455,"1983 - MOLLARD Christophe
CMBM",V1H,216,40:01:04,19:24:21,Francia
456,"3219 - ALLISON Helen
PENNINE",SEF,16,40:01:50,19:25:07,Reino Unido
457,"2805 - THUER Erwin
TV TEUFEN",V3H,3,40:05:11,19:28:28,Suiza
458,2096 - LUQUET DE SAINT GERMAIN Henri,SEH,169,40:05:24,19:28:41,Francia
459,"2013 - DELCOURT JEROME
PIRHANAS",V1H,217,40:06:06,19:29:23,Francia
460,588 - ROUX Joel,V2H,46,40:07:45,19:31:02,Francia
461,"3275 - TOURNAY Sandrine
CHAMBERY TRIATHLON",V1F,8,40:07:45,19:31:02,Francia
462,"3352 - ALFIERI Nicola
KINOMANA PARMA",V1H,218,40:08:00,19:31:17,Italia
463,"1602 - CHEVRIS Thierry
USAC",V1H,219,40:08:52,19:32:09,Francia
464,"2149 - ZURFLUH Etienne
CAF REIGNIER",SEH,170,40:09:28,19:32:45,Francia
465,977 - DESPOINIADIS Dimitrios,SEH,171,40:10:47,19:34:04,Grecia
466,"2988 - ROL Jean Louis
MIRANTIN SKI FOND ALBERTVILLE",V3H,4,40:11:03,19:34:20,Francia
467,"2936 - DUVERNEIX Pierre-Louis
LES Z'AVOINEURS DU COPS",SEH,172,40:11:25,19:34:42,Francia
468,"276 - SERRE Olivier
LES Z'AVOINEURS DU COEUR,",SEH,173,40:11:26,19:34:43,Francia
469,545 - GUNSETT Patrick,V2H,47,40:12:21,19:35:38,Francia
470,3595 - BON Thierry,V1H,220,40:14:11,19:37:28,Francia
471,"2392 - BOUTEVILLAIN eric
US TOUL ATHLETISME",V1H,221,40:14:15,19:37:32,Francia
472,"2741 - WAGEN Martin
LSV Basel",V1H,222,40:14:29,19:37:46,Suiza
473,2651 - KIRTOVSKIS Uldis,V1H,223,40:15:11,19:38:28,Letonia
474,1647 - MOLINARI Luca,V1H,224,40:16:41,19:39:58,Italia
475,"3047 - BUNEL Xavier
GRANVILLE ATHLETIC CLUB",V1H,225,40:16:51,19:40:08,Francia
476,"2409 - BURGER Wolfgang
SG STERN",V3H,5,40:17:28,19:40:45,Alemania
477,"173 - GRANGE gilles
ABS ST GALMIER LOIRE",V2H,48,40:18:19,19:41:36,Francia
478,"2018 - LLAGONE Pascal
TAILL'AVENTURE, AJATRIATHLON",V1H,226,40:18:19,19:41:36,Francia
479,"1613 - GOMES Vitor
CLUBE MILLENNIUMBCP",V1H,227,40:19:58,19:43:15,Portugal
480,"1727 - RIBEIRO Maria
CLUBE MILLENNIUMBCP",V1F,9,40:20:00,19:43:17,Portugal
481,"1991 - VINSON Bernard
VEO 2000 LA PLAGNE",V2H,49,40:21:02,19:44:19,Francia
482,"1624 - FERREIRA Eduardo
MILLENNIUMBCP",SEH,174,40:21:03,19:44:20,Portugal
483,"3228 - GERVAIS Daniel
OZON COURIR",V2H,50,40:21:46,19:45:03,Francia
484,3291 - SCHWENCKER Martin,V1H,228,40:23:41,19:46:58,Alemania
485,3335 - CHATEAUX Jacques,V1H,229,40:23:47,19:47:04,Francia
486,"2493 - SANADA Fumiyuki
m@mmoth.run.p",V1H,230,40:24:14,19:47:31,Japón
487,343 - GONCALVES Christian,V2H,51,40:25:24,19:48:41,Francia
488,2832 - ARRIGONI Diego,SEH,175,40:26:12,19:49:29,Italia
489,"1917 - LEBIHAN Jean-François
ACSP",V1H,231,40:27:54,19:51:11,Francia
490,3397 - BINET Fabien,SEH,176,40:29:25,19:52:42,Francia
491,1743 - GODEFROY Philippe,V1H,232,40:29:38,19:52:55,Francia
492,"3407 - SOL Laurent
les semelles de plomb",SEH,177,40:32:26,19:55:43,Francia
493,2252 - THIEBAUT Cedric,SEH,178,40:32:48,19:56:05,Francia
494,"389 - GOREAU Jean
ENTENTE SEVRE",V3H,6,40:33:52,19:57:09,Francia
495,2682 - HAGIWARA Hisaya,SEH,179,40:34:19,19:57:36,Japón
496,2776 - DICKENS Paul,V2H,52,40:34:25,19:57:42,Reino Unido
497,1669 - MIDOT Jean-Michel,V2H,53,40:37:50,20:01:07,Francia
498,444 - THUBRON Neil,V1H,233,40:38:28,20:01:45,Reino Unido
499,"2727 - CONDE RODRIGUEZ Fernando
PENALARA",V1H,234,40:40:25,20:03:42,España
500,3613 - SARTRE Jérôme,V1H,235,40:41:58,20:05:15,Francia
501,"390 - TOWNSEND Mark
KESWICK",V2H,54,40:41:59,20:05:16,Reino Unido
502,"2582 - JAQUIERY Nicky
ILKLEY HARRIERS",V1F,10,40:41:59,20:05:16,Reino Unido
503,3188 - PETUELLI Laurent,V1H,236,40:42:37,20:05:54,Francia
504,"3354 - DERON Christophe
AAEE EPERNON",SEH,180,40:42:49,20:06:06,Francia
505,"1785 - KAZAMA Hirohisa
KABURAKI OTOKO JYUKU",V1H,237,40:43:37,20:06:54,Japón
506,1801 - MARCHAND Ludovic,SEH,181,40:43:38,20:06:55,Francia
507,2264 - BRATSBERG Bernt,V2H,55,40:44:11,20:07:28,Noruega
508,2238 - GORGAINI Cristiano,SEH,182,40:44:21,20:07:38,Italia
509,"3276 - ROMERO JIMENEZ Raul
SANTA FE",SEH,183,40:44:31,20:07:48,España
510,"3319 - PETILLON Gilbert
TCN",V2H,56,40:45:07,20:08:24,Francia
511,463 - GARRIDO BARCENAS Jose Luis,V1H,238,40:45:20,20:08:37,España
512,"3196 - COHEN MESONERO Salomon
10 AMIGOS SIN LIMITE",V1H,239,40:46:43,20:10:00,España
513,3436 - PLANAS Robert,SEH,184,40:46:56,20:10:13,España
514,850 - ZAMBAUX Stephane,V1H,240,40:47:29,20:10:46,Francia
515,"1670 - KNACKSTERDT Achim
DIE BRETZELWETZER",V1H,241,40:48:15,20:11:32,Alemania
516,3601 - SUGRANYES LIÑANA Joan Baptista,V1H,242,40:49:40,20:12:57,España
517,2750 - RUSSELL Simon,V1H,243,40:50:09,20:13:26,Reino Unido
518,"359 - JUDA Martina
ULTRARUN SUDTIROL",SEF,17,40:50:36,20:13:53,República Checa
519,"2763 - QUESNEL Mathieu
SAINT HERBLAIN TRI",SEH,185,40:52:32,20:15:49,Francia
520,2829 - STAFFORD Rob,SEH,186,40:53:10,20:16:27,Estados Unidos
521,2833 - HOOVER Todd,V1H,244,40:53:10,20:16:27,Estados Unidos
522,519 - GALEAZZI Stéphane,V1H,245,40:54:39,20:17:56,Francia
523,"1861 - POZZAN Oscar
TRIATHLON TEAM BRIANZA",V2H,57,40:55:30,20:18:47,Italia
524,"3297 - SHIBAYAMA Manabu
TEAM MATUNAGA (NIIGATA JAPAN)",SEH,187,40:56:15,20:19:32,Japón
525,1611 - VIGNE Fabien,SEH,188,40:59:23,20:22:40,Francia
526,793 - SEIGNOL Thierry,V1H,246,40:59:28,20:22:45,Francia
527,795 - BOUISSE Laurent,V1H,246,40:59:28,20:22:45,Francia
528,"3120 - MORA GARCIA David
TIERRA TRAGAME",SEH,189,41:00:31,20:23:48,España
529,"1874 - ESCOLANO SALVADOR Jaime Francisco
NATIVOS",V1H,248,41:00:41,20:23:58,España
530,"2535 - CODA David
TEAM ENDURANCE 06",SEH,190,41:01:35,20:24:52,Francia
531,2754 - LONGO Franco,V1H,249,41:01:42,20:24:59,Italia
532,"1652 - ZUEHLKE Birger
Familienhafen",SEH,191,41:02:25,20:25:42,Alemania
533,2911 - PILLIERE Remy,V2H,58,41:02:41,20:25:58,Francia
534,"486 - GILBANK Pascale
GAG",V2F,3,41:03:02,20:26:19,Francia
535,"1978 - DESCHATEAUX Claudine
USC MEZIDON",V2F,3,41:03:02,20:26:19,Francia
536,2438 - FLAVIN Christophe,V1H,250,41:03:41,20:26:58,Francia
537,"370 - PERROT Jean-Marc
MACADAM 77",V1H,251,41:04:30,20:27:47,Francia
538,"1992 - MAURICI Jean Paul
CMBM",V1H,252,41:05:15,20:28:32,Francia
539,2468 - LAIR Jean-Claude,V2H,59,41:05:51,20:29:08,Francia
540,"2259 - THIN Jamie
HUNTERS BOG TROTTERS",V1H,253,41:05:57,20:29:14,Reino Unido
541,2037 - PIRON GREGORY,SEH,192,41:06:07,20:29:24,Francia
542,"2072 - BOISSONT Sophie
TRIATHL'AIX",V1F,11,41:06:09,20:29:26,Francia
543,"1686 - TAUZIN Pascal
DENIS BOYS",V1H,254,41:06:10,20:29:27,Francia
544,"3311 - TAMURA Nobuya
FUN TO RUN",V1H,255,41:06:40,20:29:57,Japón
545,"1966 - SPANNAGEL Frédéric
CAF SALLANCHES",SEH,193,41:07:03,20:30:20,Francia
546,"1637 - ROUTIN Frederic
Courant d'air Biarritz",V1H,256,41:07:42,20:30:59,Francia
547,2099 - HOWARTH Alex,SEH,194,41:07:44,20:31:01,Reino Unido
548,"3137 - HENNINGER Hubert
NSTT",V1H,257,41:08:51,20:32:08,Francia
549,"1688 - GOUBERT Roland
AC PAMIERS",V2H,60,41:09:29,20:32:46,Francia
550,2859 - CHOUARD Jean-Marie,SEH,195,41:09:48,20:33:05,Francia
551,"1905 - SCOTTI Giuseppe
FREE MIND TEAM",V1H,258,41:10:48,20:34:05,Italia
552,3466 - REIGNIEZ Laurent,V1H,259,41:11:43,20:35:00,Francia
553,1554 - JUHASZ Balázs,V1H,260,41:11:51,20:35:08,Hungría
554,"3280 - CAZALET Olivier
PYRENEA SPORTS",SEH,196,41:11:51,20:35:08,Francia
555,"2228 - BOUGNAUD Fabrice
Kikourou",SEH,197,41:12:14,20:35:31,Francia
556,"3469 - LEPOUTRE bertrand
US MARQUETTE",V1H,261,41:12:15,20:35:32,Francia
557,409 - LARSSON Per-Erik,V1H,262,41:12:19,20:35:36,Suecia
558,1642 - MATKIN Penny,SEF,18,41:12:54,20:36:11,Reino Unido
559,"2800 - BERTRAND Philippe
CA PLASSAC",V2H,61,41:13:10,20:36:27,Francia
560,639 - KUENZEL Daniela,V1F,12,41:14:51,20:38:08,Suiza
561,"2339 - MUNOZ SISTAC Luis
BOMBEROS ZARAGOZA",V1H,263,41:15:18,20:38:35,España
562,"2564 - ORTIZ DE ZUÑIGA MURGUZUR Saioa
MONTANEROS DE ARAGON",SEF,19,41:15:18,20:38:35,España
563,264 - PLEYNET-JESUS Franck,V1H,264,41:15:50,20:39:07,Francia
564,"3260 - DURAN ALVARO Jose Manuel
C.A.PALACIEGO",V2H,62,41:16:22,20:39:39,España
565,196 - SANTAROSSA Riccardo,V1H,265,41:17:02,20:40:19,Italia
566,3555 - IHNKEN Colleen,V1F,13,41:17:48,20:41:05,Estados Unidos
567,"692 - FARRIOL Teresa
CORREDORS.CAT",V1F,14,41:17:55,20:41:12,España
568,1777 - ALLAND Fabrice,V1H,266,41:18:22,20:41:39,Francia
569,"778 - HERRERA CUADRA Mauricio
TRAILSPORT",SEH,198,41:19:08,20:42:25,Méjico
570,"1622 - SIMON Alain
MACC LUSIGNAN",V1H,267,41:19:49,20:43:06,Francia
571,2571 - JOHN Gillard,V1H,268,41:20:41,20:43:58,Reino Unido
572,"2589 - VOULIOT Dominique
ASPTT ANNECY TEAM SYSTEME U",V1H,269,41:20:43,20:44:00,Francia
573,"3501 - COLAUT Julien
CHTIS TRAILER",SEH,199,41:22:22,20:45:39,Francia
574,2817 - LABUDZKI Dariusz,V2H,63,41:22:48,20:46:05,Polonia
575,"1921 - BELL Richard
CARNETHY HILL RUNNERS",V1H,270,41:22:51,20:46:08,Reino Unido
576,2821 - DUDEK Edward,V2H,64,41:22:52,20:46:09,Polonia
577,2822 - MALINOWSKI Zbigniew,V2H,64,41:22:52,20:46:09,Polonia
578,193 - COUTAGNE Laurent,SEH,200,41:22:55,20:46:12,Francia
579,1984 - CAILLE jean-françois,V1H,271,41:23:42,20:46:59,Francia
580,"3220 - ARMAS ARMAS Gregorio Alejandro
ECOSUB ATLANTICO",SEH,201,41:23:45,20:47:02,España
581,"2628 - BERARDI Antonio
TRAIL RUNNING BRESCIA",V2H,66,41:23:57,20:47:14,Italia
582,"2758 - CAPRETTI Silvio
TRAIL RUNNING BRESCIA",V2H,66,41:23:57,20:47:14,Italia
583,1616 - TOCHE Anne-Marie,V2F,5,41:24:22,20:47:39,Francia
584,3016 - BLANC Hervé,V1H,272,41:24:25,20:47:42,Francia
585,150 - VELARDE Isabelle,V1F,15,41:24:41,20:47:58,Francia
586,"3421 - WULLENS Regis
CHTIS TRAILERS ET CMDC",V1H,273,41:25:48,20:49:05,Francia
587,1841 - LECLERC Jean-Charles,SEH,202,41:26:21,20:49:38,Francia
588,2630 - SCHAEGIS Valentin,V1H,274,41:27:34,20:50:51,Francia
589,"2820 - SCHAEGIS Daniel
PCA/CCA ROUFFACH",V1H,274,41:27:34,20:50:51,Francia
590,2532 - TATSUYA SHIRAISHI Tatusya,V1H,276,41:27:45,20:51:02,Japón
591,1737 - ANNE Pierre,V1H,277,41:28:58,20:52:15,Francia
592,"465 - LABRUNYE Frederic
ALPV",SEH,203,41:29:24,20:52:41,Francia
593,"2359 - KNOX Roger
CAF SALLANCHES",V1H,278,41:29:27,20:52:44,Reino Unido
594,"3372 - MALPICA LILLO Juan Jose
ATLETISMO PROMESAS VILLENA",V1H,279,41:31:36,20:54:53,España
595,"1742 - MELCHER Wilhelm
TV HAIBACH",V2H,68,41:32:27,20:55:44,Alemania
596,2647 - KANISCH Holger,V1H,280,41:32:27,20:55:44,Alemania
597,"1620 - BINZ Oliver
TV GOLDBACH",V1H,281,41:32:28,20:55:45,Alemania
598,2369 - KAROL Kniola,SEH,204,41:33:08,20:56:25,Polonia
599,2676 - KOORS Dennis,SEH,205,41:33:10,20:56:27,Dinamarca
600,1940 - SCHEUBEL Pierre,V1H,282,41:35:12,20:58:29,Francia
601,"1718 - BENGUELLA Nour-Eddine
DENIS BOYS - AVIA CLUB",V1H,283,41:39:24,21:02:41,Francia
602,"3278 - BENQUET Stephane
ADRENALINE33",V1H,284,41:39:25,21:02:42,Francia
603,2274 - QUIGLEY James,SEH,206,41:40:18,21:03:35,Reino Unido
604,"3218 - LOPEZ RODRIGUEZ Francisco
ECOSUB ATLANTICO BUCEO&MONTANA",V2H,69,41:41:45,21:05:02,España
605,"1756 - LEROY Pascal
CTS",V2H,70,41:42:36,21:05:53,Francia
606,"3290 - BERTELOOT Jackie
LONGUENESSE NATURE AVENTURE",V2H,71,41:44:00,21:07:17,Francia
607,2681 - LOSBAR José,V2H,72,41:44:59,21:08:16,Francia
608,2399 - HUGGET Alain,V1H,285,41:46:09,21:09:26,Francia
609,3396 - MAREE Christophe,SEH,207,41:46:11,21:09:28,Francia
610,3552 - WRIGHT David,V1H,286,41:47:16,21:10:33,Reino Unido
611,2654 - MARTINEZ RAMIREZ Lluis,V1H,287,41:47:24,21:10:41,España
612,2065 - LORANTFI Csaba,V2H,73,41:48:21,21:11:38,Hungría
613,"1604 - ALLISON Robert
FIFE ATHLETIC CLUB",V2H,74,41:49:12,21:12:29,Reino Unido
614,1691 - VIGRASS Jarrod,V1H,288,41:49:29,21:12:46,Reino Unido
615,"361 - TATENO Hisayuki
KABURAKI OTOKO JUKU",V1H,289,41:50:38,21:13:55,Japón
616,"2567 - PIACENTINI Marco
ENTENTE SPIRIDON MONCEAU",V2H,75,41:50:45,21:14:02,Italia
617,"1760 - DONIER Benoit
SALAMANDRES",V1H,290,41:51:23,21:14:40,Francia
618,"3386 - GIRGIN Serkan
ORDOS",SEH,208,41:51:38,21:14:55,Turquía
619,3127 - MARTIN Philippe,V1H,291,41:52:01,21:15:18,Francia
620,3025 - RINS SANZ Victor Manuel,SEH,209,41:52:23,21:15:40,España
621,"3345 - MAGGIONI Gianluca
A.S. FALCHI",V1H,292,41:53:26,21:16:43,Italia
622,3415 - COLOMBO Walter Gioele,V1H,292,41:53:26,21:16:43,Italia
623,2861 - TUYAA-BOUSTUGUE Olivier,V1H,294,41:53:51,21:17:08,Francia
624,"654 - WEBSTER Richard
Wallasey",V1H,295,41:55:02,21:18:19,Reino Unido
625,1825 - LAFUT Jean-Christophe,V2H,76,41:57:06,21:20:23,Francia
626,"1690 - MARTIN BRAVO Santiago
ULTRAFONDO PRETORIANOS DE TOMARES",SEH,210,41:57:14,21:20:31,España
627,2160 - FULLER Richard,SEH,211,41:58:02,21:21:19,Reino Unido
628,"1858 - RICHARD Yves
CSB BETTON",V2H,77,41:58:15,21:21:32,Francia
629,1944 - MAISONNEUVE Denis,V2H,78,41:58:45,21:22:02,Francia
630,2243 - BARELLI Eric,SEH,212,41:59:32,21:22:49,Francia
631,2115 - MOREAU Valentin,SEH,213,41:59:33,21:22:50,Francia
632,"2698 - REGOUBY Denis
SPORTING CLUB ATHLETIC DE BRY",V1H,296,42:00:56,21:24:13,Francia
633,2383 - ROMAN Eric,SEH,214,42:01:19,21:24:36,Francia
634,"291 - AMBROGGI Andre
STADE LAURENTIN ATHLETISME",V2H,79,42:02:50,21:26:07,Francia
635,1971 - CHEVE Yann,V1H,297,42:03:10,21:26:27,Francia
636,2928 - AMAFROID BROISAT Philippe,V1H,298,42:07:20,21:30:37,Francia
637,2289 - ROUMAGNAC Bernard,V1H,299,42:07:22,21:30:39,Francia
638,"2746 - VOUSDEN Paul
mapdec",SEH,215,42:07:46,21:31:03,Reino Unido
639,"1930 - DESTANNES Ludovic, José, Louis",V1H,300,42:07:57,21:31:14,Francia
640,2432 - MERLIN Yanis,SEH,216,42:08:17,21:31:34,Francia
641,"2688 - BRASEY Béatrice
MED",V1F,16,42:08:43,21:32:00,Suiza
642,"2900 - CURRAT Albin
MED",V3H,7,42:08:43,21:32:00,Suiza
643,2214 - BRAUN Paul-Andre,V1H,301,42:09:01,21:32:18,Francia
644,3052 - GIL Henri,V2H,80,42:09:02,21:32:19,Francia
645,602 - MILLEREUX Franck,V1H,302,42:09:05,21:32:22,Francia
646,"583 - SHILON Ron
ENDURE",V1H,303,42:11:08,21:34:25,Israel
647,"2223 - OLLIVIER Christophe
ASPHALTE 94",V2H,81,42:11:13,21:34:30,Francia
648,"2804 - HADROUGA Fatima
NEANT",V1F,17,42:11:28,21:34:45,Francia
649,2570 - VISNEVSKIS Gatis,SEH,217,42:12:21,21:35:38,Letonia
650,3460 - CHRISTOPHERSON Mark,V1H,304,42:12:37,21:35:54,Estados Unidos
651,2646 - BENJAMIN Elad,SEH,218,42:12:51,21:36:08,Israel
652,3563 - HAUSER Marc,V1H,305,42:12:55,21:36:12,Suiza
653,"2888 - CARDONA Cedric
MMV Monte Bianco",SEH,219,42:13:22,21:36:39,Francia
654,"1026 - NAKAMURA Norihiko
TEAM SPORCIVA",V1H,306,42:15:07,21:38:24,Japón
655,"1882 - MONTADO MUNOZ Antonio
CLUB DE MONTANA CHICLANA CADIZ",SEH,220,42:15:07,21:38:24,España
656,2838 - CHALITA Antonio,SEH,221,42:15:36,21:38:53,Méjico
657,"1942 - WITZEL Ricarda
SWISS JURA ANGELS",V1F,18,42:15:54,21:39:11,Alemania
658,3479 - HINTERMANN Beat,V2H,82,42:16:02,21:39:19,Suiza
659,3003 - HINTERMANN Max,V2H,83,42:16:03,21:39:20,Suiza
660,628 - CHARBONNIER Bruno,V2H,84,42:16:28,21:39:45,Francia
661,"2410 - ENRIQUE Bolon España
CENTRE EXCURSIONISTA CATALUNYA",V1H,307,42:16:32,21:39:49,España
662,2553 - VAJHOEJ Jan,V2H,85,42:18:08,21:41:25,Dinamarca
663,2174 - FORIEL Olivier,V1H,308,42:19:20,21:42:37,Francia
664,"2919 - SILVA Riccardo
LIBERO",V1H,309,42:20:57,21:44:14,Italia
665,"1911 - RICHARTE stephane
JOGGING LAVERUNE",V1H,310,42:22:01,21:45:18,Francia
666,"1855 - GIACON Marco
MARCIATORI CASTELLANI",SEH,222,42:22:22,21:45:39,Italia
667,"547 - BALIZET Bernard
RAID AVENTURE BETHONCOURT",V2H,86,42:23:13,21:46:30,Francia
668,523 - DELORE Pierre,V1H,311,42:23:15,21:46:32,Francia
669,3333 - WINANDS Andreas,V2H,87,42:23:16,21:46:33,Alemania
670,"2178 - CHICHEREAU Gilles
ASCEA CADARACHE",V1H,312,42:24:07,21:47:24,Francia
671,2870 - BRIDGE Grantley,V1H,313,42:24:10,21:47:27,Reino Unido
672,2921 - WILLEMS Pierre,V1H,314,42:25:16,21:48:33,Francia
673,"2835 - PICCIN Moreno
SCUOLA DI MARATONA VITTORIO VENETO",V2H,88,42:25:42,21:48:59,Italia
674,393 - MICHELETTI Luciano,V2H,89,42:26:55,21:50:12,Italia
675,"3414 - LOCATELLI Michele Oriele
RUNNERS BERGAMO",V1H,315,42:26:55,21:50:12,Italia
676,"3285 - MARTINEZ VAZQUEZ Jose Maria
ALPINO JARAPALOS",V1H,316,42:27:40,21:50:57,España
677,"3042 - RAMIREZ LAFUENTE Eduardo
ALPINO JARAPALOS",SEH,223,42:27:41,21:50:58,España
678,"3161 - RAMIREZ LOSILLA Enrique
ALPINO JARAPALOS",V1H,317,42:27:41,21:50:58,España
679,"3545 - SUBIRI FERNANDEZ Juan Antonio
ALPINO JARAPALOS",V1H,317,42:27:41,21:50:58,España
680,"160 - SYKES David
TATTENHALL RUNNERS",V1H,319,42:28:58,21:52:15,Reino Unido
681,"565 - LOURENCO Ana
Avoc",V1F,19,42:29:27,21:52:44,Francia
682,"1607 - SUILHARD Thierry
SPIRIDON CLUB PAYS D'OLMES",V2H,90,42:29:36,21:52:53,Francia
683,"349 - LINTON Brian
BARF",SEH,224,42:30:05,21:53:22,Reino Unido
684,3053 - MCGREEVY Cathal,V1H,320,42:30:05,21:53:22,Irlanda
685,2396 - ZILIO jean-gaëtan,V1H,321,42:30:14,21:53:31,Francia
686,"2414 - WENDLING Vincent
NEUGARTHEIM SPORTING CLUB",V1H,321,42:30:14,21:53:31,Francia
687,2427 - BROUCKSAUX Fabrice,V1H,321,42:30:14,21:53:31,Francia
688,"829 - DREAN Jean-Michel
COULOMMIERS BRIE ATHLETISME",V1H,324,42:30:19,21:53:36,Francia
689,"3403 - DEL RÍO ESPINEL David
MIACUM",SEH,225,42:30:34,21:53:51,España
690,"3265 - GÓMEZ Juan Antonio
MIACUM",V1H,325,42:30:36,21:53:53,España
691,"3010 - DELLING Thomas
LV Limbach 2000",V1H,326,42:30:54,21:54:11,Alemania
692,2179 - DALTON Mark,V1H,327,42:31:06,21:54:23,Reino Unido
693,"2027 - SCHWARZ Hubert
LAUF IMPULS OGGAU",SEH,226,42:31:56,21:55:13,Austria
694,"2724 - ALONSO VEGA Emilio
CLUB DE MONTANA OXIGENO",V1H,328,42:32:25,21:55:42,España
695,"3293 - ANTOLI DOLZ Miguel
MARATO I MITJA",V1H,329,42:32:50,21:56:07,España
696,3026 - GREGOIRE Etienne,V1H,330,42:33:24,21:56:41,Bélgica
697,2067 - COURRIER Fabien,SEH,227,42:33:25,21:56:42,Francia
698,"2616 - GASIOROWSKI Guillaume
CALC MONTPELLIER",SEH,228,42:34:23,21:57:40,Francia
699,"3119 - DELOGET Patrick
CYCLO BOURCAIN",V2H,91,42:34:23,21:57:40,Francia
700,"380 - LADET Bruno
TRAILEURS DES 7 MONTS",V1H,331,42:34:43,21:58:00,Francia
701,2208 - REID Graeme,V1H,332,42:35:07,21:58:24,Reino Unido
702,2155 - TARAZONA Laurent,V1H,333,42:35:11,21:58:28,Francia
703,2675 - EDWARDS Robert,SEH,229,42:35:19,21:58:36,Reino Unido
704,"510 - VALCARCEL DEBOUVRY Patrick Louis François
CEI CATALUNYA",V1H,334,42:35:22,21:58:39,Argentina
705,"3283 - GALAN JIMENEZ Javier
CENTRE EXCURSIONISTA TONA",SEH,230,42:35:23,21:58:40,España
706,735 - MATTHYS Ignace,V2H,92,42:35:25,21:58:42,Bélgica
707,446 - LE STRAT Tony,V1H,335,42:35:28,21:58:45,Francia
708,"500 - FOURNIER Patrick
VAL-DE-REUIL AC",V1H,336,42:35:41,21:58:58,Francia
709,2824 - CAMPAGNONI Cédric,SEH,231,42:35:42,21:58:59,Francia
710,"2706 - BRETHES Laurent
LE TEIL COURT",V1H,337,42:35:59,21:59:16,Francia
711,"2032 - BARBE Olivier
COURIR A SENNECEY",SEH,232,42:36:12,21:59:29,Francia
712,"3493 - SIMORRE Jean-Pierre
CAPVERCORS",V1H,338,42:36:47,22:00:04,Francia
713,"2802 - LUNDQVIST Sandra
TEAM ULTRASWEDEN LK",SEF,20,42:37:09,22:00:26,Suecia
714,"3599 - SERRALLONGA Toni
S.E. ATENEU SANTJUSTENC",V2H,93,42:37:22,22:00:39,España
715,"1635 - CHALAYE Alain
CS BOURGOIN JALLIEU",V1H,339,42:38:45,22:02:02,Francia
716,1661 - LEGROUX David,SEH,233,42:39:49,22:03:06,Francia
717,"3435 - ULRICH Nicolas
A.S.L LA ROBERTSAU",V1H,340,42:39:59,22:03:16,Francia
718,"2533 - CLEVY Yannick
PATAGONIA",SEH,234,42:40:21,22:03:38,Francia
719,3287 - PIALA Chad,SEH,235,42:40:26,22:03:43,Estados Unidos
720,"2317 - ZACH Jürgen
VFL STUTTGART",V1H,341,42:40:35,22:03:52,Alemania
721,"2241 - KNAPP Peter
VFL WAIBLINGEN",V2H,94,42:42:02,22:05:19,Alemania
722,"142 - DAVID Stéphane
AS ALTIS IBM DPI",V1H,342,42:43:08,22:06:25,Francia
723,"1965 - GUILLARD Patrice
ASCE THALES VALENCE",V3H,8,42:43:09,22:06:26,Francia
724,"3080 - AINCIART Panpili
BAZTANDARRAK",V3H,9,42:43:20,22:06:37,Francia
725,3359 - LEUNG Chun Keung,SEH,236,42:43:21,22:06:38,HK
726,"543 - CONRAUX Emmanuel
CSL NEUF-BRISACH",V1H,343,42:43:23,22:06:40,Francia
727,"2958 - ECORMIER Gilles
CSAG (226-10-G)",V1H,344,42:43:29,22:06:46,Francia
728,2645 - VISENTIN Alessandro,V2H,95,42:43:33,22:06:50,Italia
729,2286 - FALOMO Andrea,V1H,345,42:43:57,22:07:14,Italia
730,"3066 - MASSON Pascal
POMPIER D'EPERNAY",V2H,96,42:44:11,22:07:28,Francia
731,3164 - MARTIN Emmanuel,V1H,346,42:44:16,22:07:33,Francia
732,"2810 - ROUXEL CHRISTIAN
AS 22",V2H,97,42:44:20,22:07:37,Francia
733,"3039 - PEARSON Gary
CROFT AMBREY",V1H,347,42:44:56,22:08:13,Reino Unido
734,"2297 - OHARA Satoshi
TEAM SPORCIVA",SEH,237,42:45:08,22:08:25,Japón
735,"1829 - BARCELO Raimon
BORGES TRAIL",V1H,348,42:46:29,22:09:46,España
736,"1863 - PAMIES Jordi
SECCIO EXCURSIONISTA CAESPLUGUI",SEH,238,42:46:29,22:09:46,España
737,"1981 - MARTI Carles
AAEETT",SEH,238,42:46:29,22:09:46,España
738,"3281 - SCHNEIDER Claude
VEO 2000 LA PLAGNE",V2H,98,42:46:34,22:09:51,Francia
739,560 - LOURAICHI Steeve,SEH,240,42:47:03,22:10:20,Francia
740,"1810 - FASEL Norbert
LSF MUNSTER",V1H,349,42:47:24,22:10:41,Alemania
741,"2107 - LEONELLI Philippe
AS Alcatel-Lucent",SEH,241,42:48:13,22:11:30,Francia
742,"2284 - RAETSCH Walter
LT TAUNUSSTEIN-NEUHOF",V3H,10,42:48:20,22:11:37,Alemania
743,"3321 - DOUGLAS David
Delamere Spartans",V1H,350,42:48:20,22:11:37,Reino Unido
744,"3548 - GIRAUD Yves
COURSE EVASION",V2H,99,42:48:20,22:11:37,Francia
745,"3123 - GAGO CALVO Jesus
MALLORCA A DALT DE TOT",V3H,11,42:48:46,22:12:03,España
746,3090 - BOUSSAERT Denis,V2H,100,42:48:54,22:12:11,Francia
747,"2200 - HENTSCH Stefan
LTC-WANGEN",V1H,351,42:49:25,22:12:42,Alemania
748,"2079 - DRESCHER Anke
SSC HANAU-RODENBACH",V1F,20,42:50:25,22:13:42,Alemania
749,"295 - CHAUSSE Loic
COTEN'TRAIL",SEH,242,42:51:14,22:14:31,Francia
750,1679 - DE JUST Bruno,V2H,101,42:51:22,22:14:39,Francia
751,2519 - MIGNEROT Gerard,V2H,102,42:51:25,22:14:42,Francia
752,"2220 - TOMOYA OHKUBO Ootomo
TEAM SPORCIVA",SEH,243,42:51:51,22:15:08,Japón
753,1783 - VIALARD françois,V2H,103,42:51:52,22:15:09,Francia
754,2106 - LORIAU Eric,V1H,352,42:51:55,22:15:12,Francia
755,2277 - RENAULD Julien,SEH,244,42:52:42,22:15:59,Francia
756,3256 - COLLETT Jeradine,SEF,21,42:53:10,22:16:27,Singapur
757,508 - LAGADIC Stephanie,SEF,22,42:53:42,22:16:59,Francia
758,"426 - PRIN Philippe
CHENOVE TRIATHLON",V1H,353,42:53:43,22:17:00,Francia
759,"3370 - HERNANDEZ PERIS Manuel
ATLETISME XATIVA",V2H,104,42:54:27,22:17:44,España
760,"3373 - OSMA VIDAL Jose
ATLETISME XATIVA",V1H,354,42:54:31,22:17:48,España
761,"2529 - KLEIN Dieter
LSG-SCHMELZ-HUTTERSDORF",V1H,355,42:54:53,22:18:10,Alemania
762,859 - CLARK Kevin,SEH,245,42:55:02,22:18:19,Reino Unido
763,"3617 - MACH François
HUG",V2H,105,42:55:21,22:18:38,Suiza
764,3254 - AMAT VILARO Pau,SEH,246,42:55:42,22:18:59,España
765,"3426 - BRESSON Franck
FREE IRON TEAM",V1H,356,42:55:49,22:19:06,Francia
766,"1838 - MAUGER jean-marie
FOULEES BRIOUZAINES",V2H,106,42:56:50,22:20:07,Francia
767,"2440 - WAGNER Johan
LADONIA FELLRUNNERS",V1H,357,42:57:31,22:20:48,Suecia
768,"241 - DE MAESTRI Gabriele
BOGGERI",SEH,247,42:57:34,22:20:51,Italia
769,"2209 - CATAUDELLA Federica
COURMAYEUR TRAILERS",SEF,23,42:57:53,22:21:10,Italia
770,"2210 - VISIGALLI Paolo
COURMAYEUR TRAILERS",SEH,248,42:57:53,22:21:10,Italia
771,3222 - CANET ARCOS Salvador,SEH,249,42:59:27,22:22:44,España
772,3453 - GARNIER David,SEH,250,43:00:19,22:23:36,Francia
773,3362 - COSTE pascal,V1H,358,43:01:05,22:24:22,Francia
774,2852 - MEMMO Christophe,SEH,251,43:01:07,22:24:24,Francia
775,"2734 - MORELL Roman
SA MILANA",SEH,252,43:01:20,22:24:37,España
776,3437 - MATSUNUMA Yoshiko,V2F,6,43:01:21,22:24:38,Japón
777,"3615 - MOREY Carmen
SA MILANA",SEF,24,43:01:21,22:24:38,España
778,2112 - ROQUEBERT Amaury,V1H,359,43:01:40,22:24:57,Francia
779,2260 - BRZECZKOWSKI Jakub,V1H,360,43:01:42,22:24:59,Francia
780,"1627 - GELDER Emily
DULWICH RUNNERS",SEF,25,43:02:09,22:25:26,Reino Unido
781,"2537 - MECA PIGNATELLI Andres Leon
ROLLERMASTER",V1H,361,43:03:39,22:26:56,España
782,"2523 - FUNES PEREZ Antono
ROLLER MASTERS",SEH,253,43:03:40,22:26:57,España
783,3069 - HARREITHER Christoph,SEH,254,43:03:43,22:27:00,Austria
784,"504 - LOUIS Yann
STADE VERTOIS ATHLETISME",V1H,362,43:04:19,22:27:36,Francia
785,"2019 - DESSIOUX Jean-François
CANEJAN",V2H,107,43:04:21,22:27:38,Francia
786,"680 - MERCIER Claude
Sam Paris 12",V2H,108,43:05:08,22:28:25,Francia
787,2883 - BALLOT Jean Yves,SEH,255,43:05:49,22:29:06,Francia
788,"2255 - BEDAGUE Olivier
BREIZH TRAIL ENDURANCE",V1H,363,43:05:52,22:29:09,Francia
789,"3133 - LE SQUER Yannick
KEMPERLE TRIATHLON",V1H,364,43:05:53,22:29:10,Francia
790,"1726 - FOUQUES Robert
075144",V2H,109,43:06:22,22:29:39,Francia
791,"546 - DIAZ CARLUS Carlos
GR10",V1H,365,43:06:41,22:29:58,España
792,1979 - BIBOLLET-RUCHE Thierry,V2H,110,43:07:02,22:30:19,Francia
793,337 - CHIENNO Frédéric,SEH,256,43:08:04,22:31:21,Francia
794,"723 - CHIENNO Philippe
STAUBLI SPORTS",V1H,366,43:08:04,22:31:21,Francia
795,3248 - SARNEL Guillaume,SEH,257,43:08:08,22:31:25,Francia
796,1699 - MATHIEU Johann,SEH,258,43:08:32,22:31:49,Francia
797,2962 - COQUERELLE Yannis,SEH,259,43:08:44,22:32:01,Francia
798,1904 - LANTZ Eric,V1H,367,43:08:53,22:32:10,Francia
799,"814 - WEBER Marcus
BSG DELPHI DRAKA",V1H,368,43:09:27,22:32:44,Alemania
800,2047 - LECARPENTIER Vincent,V1H,369,43:10:08,22:33:25,Francia
801,2028 - HUARD Aurélien,SEH,260,43:11:08,22:34:25,Francia
802,"2850 - MICHEL Pascal Henri
DENIV",V2H,111,43:11:10,22:34:27,Francia
803,288 - CHAILLOU Pierre,V1H,370,43:12:54,22:36:11,Francia
804,"2202 - CATHERINE Stephane
TOURRES ET CIE",V1H,371,43:13:12,22:36:29,Francia
805,3038 - TRESSE Frédéric,V2H,112,43:13:57,22:37:14,Francia
806,"3211 - MAGENES Giuseppe
POLISPOSRTIVA BESANESE",V1H,372,43:14:30,22:37:47,Italia
807,"1601 - WEINMANN Frédéric
ANA HAGUENAU",V3H,12,43:14:55,22:38:12,Francia
808,"2898 - PENET Philippe
OURS DES GLAISINS /CAF ANNECY",V1H,373,43:15:10,22:38:27,Francia
809,1820 - BRESSON Patrick,V2H,113,43:15:44,22:39:01,Francia
810,2168 - UNNO Takaaki,SEH,261,43:16:04,22:39:21,Japón
811,"2999 - BERLAND Gerard
ESPERANCE TRAIL NOGENT SUR SEINE",V2H,114,43:16:06,22:39:23,Francia
812,"1952 - LEGOUAS Christophe
USC MEZIDON",V1H,374,43:16:31,22:39:48,Francia
813,734 - MARTIN Pascal,SEH,262,43:16:44,22:40:01,Francia
814,"2331 - JURANDER Erik
Trailrunner West",SEH,263,43:17:06,22:40:23,Suecia
815,"551 - RACAUD Nicolas
CSMM",SEH,264,43:18:07,22:41:24,Francia
816,3076 - FAYOL Patrice,V2H,115,43:18:08,22:41:25,Francia
817,"3041 - DIVIU ALTAYO Josep
S.C.O.G.SENTMENAT",V2H,116,43:18:10,22:41:27,España
818,"688 - BALAS Gabriel
JC Lapugnoy",SEH,265,43:18:28,22:41:45,Francia
819,1645 - ILTIS Thierry,V1H,375,43:19:14,22:42:31,Francia
820,719 - PROSSEN Francesco,V1H,376,43:20:00,22:43:17,Italia
821,"3112 - GHISALBERTI Massimo
SISPORTGYM A.S.D.",V2H,117,43:20:00,22:43:17,Italia
822,"2818 - HOYAS JIMENEZ Luis
A LES NOU",V2H,118,43:20:06,22:43:23,España
823,3478 - LALOYAUX Jean-Louis,V1H,377,43:20:19,22:43:36,Francia
824,"451 - TROUT Martin John
KINOMANA SKY",V2H,119,43:21:15,22:44:32,Reino Unido
825,"1996 - BENAGLIA Marco
ASD FO' DI PE",V1H,378,43:21:15,22:44:32,Italia
826,1654 - DIVINCENZO Dominique,V1H,379,43:21:34,22:44:51,Francia
827,"1738 - GINES HERRAIZ Vicente Jesus
TIERRA TRAGAME",V2H,120,43:22:11,22:45:28,España
828,"3008 - JORDAN ONCINS Paco
CLUB ATLETISMO BARBASTRO",V1H,380,43:22:37,22:45:54,España
829,"3142 - TOURNAY Gilles
CHAMBERY TRIATHLON",V1H,381,43:23:47,22:47:04,Francia
830,2772 - BOURDONNEAU Marc,V1H,382,43:24:03,22:47:20,Francia
831,3138 - MENCIER Frédéric,SEH,266,43:24:11,22:47:28,Francia
832,2216 - REYMOND Roger,V3H,13,43:24:15,22:47:32,Francia
833,"2913 - GARCIA GUTIERREZ Abraham
ENSIDESA",SEH,267,43:25:45,22:49:02,España
834,"3084 - IGLESIAS NUNEZ Gilberto
LAGUEYO",V1H,383,43:25:45,22:49:02,España
835,3151 - GARNIER Christophe,V1H,384,43:25:46,22:49:03,Francia
836,3558 - LABORDE Jean-Louis,V3H,14,43:25:49,22:49:06,Francia
837,"3320 - CROGNALE Donato
PODISTI FRENTANI",V2H,121,43:26:02,22:49:19,Italia
838,2926 - GOUTORBE Jean Paul,V2H,122,43:26:53,22:50:10,Grecia
839,"2139 - EUGENE Michel
Mille pattes Buxerolles",V2H,123,43:27:18,22:50:35,Francia
840,"3419 - BAIGUE Christian
POITIERS EC",V2H,123,43:27:18,22:50:35,Francia
841,2094 - CLUET Frederic,V2H,125,43:27:33,22:50:50,Francia
842,"2137 - MELGAREJO CONEJERO Jose Manuel
C.A PETRER-NEPALIA",V1H,385,43:27:48,22:51:05,España
843,2196 - MORO Franco,V1H,386,43:27:51,22:51:08,Italia
844,870 - MARSHALL Kevin,V2H,126,43:29:09,22:52:26,Reino Unido
845,1717 - BARON Jean Yves,V1H,387,43:30:52,22:54:09,Francia
846,"600 - OTAWA Masahiko
HARRIERS",V1H,388,43:31:45,22:55:02,Japón
847,2378 - TOUSCH Christophe,V1H,389,43:31:59,22:55:16,Francia
848,"2611 - JOSE IGNACIO Aparicio Ciria
MADTEAM",V1H,390,43:32:04,22:55:21,España
849,2807 - JORDI Tarres Girbau,V1H,391,43:32:05,22:55:22,España
850,"476 - OGGIONI Adriano
COURMAYEUR TRAILERS",SEH,268,43:32:15,22:55:32,Italia
851,"3540 - HERGET Thomas
SF ROSSDORF",V2H,127,43:32:56,22:56:13,Alemania
852,"1617 - KIBURSE Jean-Christophe
PORTET ATHLETIC CLUB",V1H,392,43:34:24,22:57:41,Francia
853,"1791 - SAMPERE Marc
CEUETL",SEH,269,43:34:29,22:57:46,España
854,"3241 - VILA FONTARNAU Joan
CLUB EXCTA. DE SANT QUIRZE",V2H,128,43:34:29,22:57:46,España
855,"2089 - JUAN Alapont Solano
C.C. EL PAROTET",SEH,270,43:34:30,22:57:47,España
856,"2513 - REICHELT Mario
DELLIGSER SC",V1H,393,43:34:30,22:57:47,Alemania
857,"1860 - ROY Albert
UFO",V1H,394,43:34:41,22:57:58,Francia
858,1918 - MAILLET Nathalie,V1F,21,43:35:24,22:58:41,Francia
859,"1831 - DE COPPIN Jean
TNT",V1H,395,43:35:27,22:58:44,Bélgica
860,3418 - CASTELLINO Alberto,V1H,396,43:36:17,22:59:34,Italia
861,"2205 - CAILLET Philippe
ACP PAMIERS",V1H,397,43:36:23,22:59:40,Francia
862,"3367 - MARTIN ARUMI Enric
CENTRE EXCURSIONISTA TARADELL",SEH,271,43:36:25,22:59:42,España
863,2965 - GUILLEM Ruth,SEF,26,43:37:41,23:00:58,España
864,2964 - RIEGO Albert,V1H,398,43:37:42,23:00:59,España
865,2539 - DE STAEL Arnaud,V1H,399,43:38:35,23:01:52,Francia
866,"2541 - DE STAEL Antoine
Traileur de Paris",ESH,1,43:38:35,23:01:52,Francia
867,"3191 - ROSINACH LAHUERTA Sergi
ENJOY TEAM",SEH,272,43:39:42,23:02:59,España
868,"3192 - AGUSTI ROBLES Victor
ENJOY TEAM",V1H,400,43:39:44,23:03:01,España
869,"2943 - SOLANI TIRADO Jaime
ILERLASER",V1H,401,43:39:48,23:03:05,España
870,"2189 - MAURI Massimiliano
A.L.S. CREMELLA",V1H,402,43:40:02,23:03:19,Italia
871,"2871 - DAZA SASTRE Eduardo
GRUP EXCURSIONISTA AMICS DE L'ESPORT",V1H,403,43:42:00,23:05:17,España
872,"2872 - BUSQUETS FIGUERAS Pau
CN OLOT",SEH,273,43:42:00,23:05:17,España
873,"2875 - BARTI ROTA David
CN OLOT",V1H,404,43:42:01,23:05:18,España
874,1885 - FOEGLE Cathy,V1F,22,43:44:46,23:08:03,Francia
875,1868 - GAULARD Albert,V3H,15,43:44:47,23:08:04,Francia
876,"3356 - PETITPAS Christophe
ATHLETIC BELAIR CLUB",V1H,405,43:44:49,23:08:06,Francia
877,"576 - BOINET Frank
CCAS SIDEL",V2H,129,43:44:59,23:08:16,Francia
878,"582 - LIMON Christophe
CCAS SIDEL",SEH,274,43:44:59,23:08:16,Francia
879,1640 - LE LONS Arnaud,V1H,406,43:47:20,23:10:37,Francia
880,2087 - BON Ludovic,SEH,275,43:47:27,23:10:44,Francia
881,"2157 - REBOUL Olivier
TRIATHLON CLUB NANTAIS",SEH,276,43:47:39,23:10:56,Francia
882,2390 - ENRIQUE Orive Trebiño,V1H,407,43:49:08,23:12:25,España
883,"2242 - TARAZONA Gersi
CARACAS ULTRA RUNNERS",SEH,277,43:49:18,23:12:35,Venezuela
884,1665 - ROBERTS Darren,SEH,278,43:49:26,23:12:43,Reino Unido
885,1850 - ZAMPETOGLOU Georgios,V1H,408,43:49:35,23:12:52,Grecia
886,"1871 - HARRYMAN Ian
AVON VALLEY RUNNERS",V1H,409,43:50:43,23:14:00,Reino Unido
887,2486 - NICOLAS Jose,V1H,410,43:51:00,23:14:17,Canadá
888,1740 - GOYENECHE Gerard,V1H,411,43:52:11,23:15:28,Francia
889,"1641 - PEREIRA Manuel
MILLENNIUMBCP",V2H,130,43:52:44,23:16:01,Portugal
890,"3183 - SIENA Italo
MONTAGNETTA'S SKYRUNNER",V3H,16,43:53:05,23:16:22,Italia
891,2001 - DIEBOLT Jocelyn,V1H,412,43:54:37,23:17:54,Francia
892,"2148 - KALICINSKI Eric
VINCENNES ATHLETIC",V1H,413,43:55:23,23:18:40,Francia
893,1010 - MARTIN Olivier,V2H,131,43:55:28,23:18:45,Francia
894,"2910 - MAGNIN Guy
PENITENTS EN DURANCE",V2H,132,43:55:58,23:19:15,Francia
895,"2622 - DAURELLE Thierry
SLC MARTIGUES",V2H,133,43:56:01,23:19:18,Francia
896,"2624 - DAURELLE Bernadette
SLC MARTIGUES",V1F,23,43:56:01,23:19:18,Francia
897,609 - VENNEUGUES Alban,SEH,279,43:56:09,23:19:26,Francia
898,2204 - BOURGEOIS Robert,V3H,17,43:56:44,23:20:01,Francia
899,2865 - VALENTIN Pierre,SEH,280,43:56:55,23:20:12,Francia
900,"718 - PETIT Christophe
LA FOULEE MUROISE",V1H,414,43:56:56,23:20:13,Francia
901,"3180 - DURAND Sylvain
DENIV",SEH,281,43:57:05,23:20:22,Francia
902,"2474 - ELIASSON Asgeir
Biddu adeins",V1H,415,43:57:08,23:20:25,Islandia
903,"3603 - SCHERZER Stefan
Team Kobolt",V1H,416,43:57:20,23:20:37,Alemania
904,2023 - BRIGHT Steven,V1H,417,43:57:49,23:21:06,Francia
905,"2232 - TERROIR Mathieu
FREE IRON TEAM",SEH,282,43:58:19,23:21:36,Francia
906,"1757 - PICHON Claude
JECOURSPOURLEPLAISIR LAMBRES",V3H,18,43:58:47,23:22:04,Francia
907,"2855 - GUEGUEN Philippe
Breizh Sport Aventure",V1H,418,43:58:51,23:22:08,Francia
908,"696 - WEBER Philippe
VCUSTRI",SEH,283,43:58:52,23:22:09,Francia
909,2690 - SAADA Matthieu,V1H,419,43:59:01,23:22:18,Francia
910,3562 - MARTIN Gregory,SEH,284,43:59:02,23:22:19,Francia
911,2644 - GRUAT Yaneck,V1H,420,43:59:20,23:22:37,Francia
912,"3203 - LOZANO CARRERAS Xavier
CLUB EXCURSIONISTA INDEPENDENT DE CATALUNYA",SEH,285,43:59:21,23:22:38,España
913,"3516 - KUROSAWA Kosuke
HHHW",SEH,286,43:59:42,23:22:59,Japón
914,2002 - SCHULER Raphael,SEH,287,44:00:45,23:24:02,Francia
915,"3488 - LACANLALE Jonnifer
TEAM CLARK/PUR",V1H,421,44:00:57,23:24:14,Filipinas
916,"2672 - KUGA Kentaro
HHHW",SEH,288,44:01:06,23:24:23,Japón
917,2583 - RENNISON Mark,V1H,422,44:01:15,23:24:32,Reino Unido
918,"849 - CACHAT Josette
S/L AC EVIAN",V2F,7,44:01:41,23:24:58,Francia
919,"2843 - LALL Mike
VICTORIA PARK HARRIERS",SEH,289,44:01:47,23:25:04,Reino Unido
920,"3236 - JOSE ANTONIO Arjona Cerrillo
BUITRES CARRONEROS",V1H,423,44:02:00,23:25:17,España
921,"377 - WOOLLEY Mark
ALPINO JARAPALOS",V1H,424,44:02:01,23:25:18,Reino Unido
922,"2868 - SIERRAS SUAREZ Miguel Angel
AMIGOS DEL TORCAL",V1H,424,44:02:01,23:25:18,España
923,"2968 - BORGES REGALADO Onesimo
CAMBATE LAS PATAS",SEH,290,44:02:11,23:25:28,España
924,"3284 - RAMIREZ GONZALEZ Alfredo Severo
A.D. GRANAVENTURA",V1H,426,44:02:11,23:25:28,España
925,"3376 - HERRERA DE LEÓN Arturo Guillermo
Vertical III",SEH,291,44:02:12,23:25:29,España
926,"2025 - LE BLOAS Jean-Yves
CHARTRES MMA SPORT ATHLETISME",V2H,134,44:02:57,23:26:14,Francia
927,2475 - KITAMOTO Dai,V1H,427,44:04:22,23:27:39,Japón
928,"1593 - MAGNAGHI Mauro
g.p.zivido",V1H,428,44:04:32,23:27:49,Italia
929,2561 - DUBOIS Laurent,V1H,429,44:04:35,23:27:52,Francia
930,"458 - BENTOLILA PHILIPPE
ELAN CHEVILLY LARUE",V1H,430,44:04:36,23:27:53,Francia
931,3208 - KOELLER Jean-Georges,V2H,135,44:04:36,23:27:53,Francia
932,2701 - DAMIANI Philippe,V1H,431,44:04:37,23:27:54,Francia
933,335 - CERVASI Philippe,V1H,432,44:04:42,23:27:59,Francia
934,1730 - GRECO Maria Raffaella,V2F,8,44:05:32,23:28:49,Italia
935,"3190 - FERRARI BRAVO Giorgio
VENEZIA RUNNERS",V2H,136,44:05:38,23:28:55,Italia
936,3104 - MAHAMUD Ferran,SEH,292,44:06:10,23:29:27,España
937,3141 - KAUFFEISEN Vianney,V1H,433,44:06:19,23:29:36,Francia
938,994 - ARNOULT Patrick,V1H,434,44:06:20,23:29:37,Francia
939,"954 - JORDANT Benoit
ARCH BELGIQUE",V1H,435,44:07:54,23:31:11,Bélgica
940,"3062 - RINGSTROM Camilla
TEAM SALOMON",V1F,24,44:07:58,23:31:15,Suecia
941,2560 - BIRRAUX Joseph,V3H,19,44:08:01,23:31:18,Francia
942,364 - MERMILLOD BLONDIN Paul,V2H,137,44:08:22,23:31:39,Francia
943,"2136 - NOWE Hervé
TEAM BORN TO RUN - LES COUREURS CELESTES",V1H,436,44:08:50,23:32:07,Bélgica
944,"2154 - BORCEUX François
RCB",V1H,437,44:08:57,23:32:14,Bélgica
945,2671 - VANDE GHINSTE Christophe,V2H,138,44:08:58,23:32:15,Bélgica
946,"665 - CLERIN Emmanuel
STADE DE VANVES",SEH,293,44:09:25,23:32:42,Francia
947,"2666 - CARLOS Plana Olivet
CEJ",V1H,438,44:09:34,23:32:51,España
948,"2668 - MORENO SALAZAR Jose Antonio
CEJ",V1H,438,44:09:34,23:32:51,España
949,"2670 - GARROTE ARJONA Jose Manuel
CEJ",SEH,294,44:09:34,23:32:51,España
950,"3438 - FELIPO Gilles
SMCC",V1H,440,44:09:36,23:32:53,Francia
951,"1982 - COUVERT Thomas
CMBM",SEH,295,44:09:39,23:32:56,Francia
952,2185 - DANIEL FERNANDO Rastelli,V1H,441,44:09:52,23:33:09,Argentina
953,2813 - LAJEUNESSE Alexandre,V1H,442,44:10:07,23:33:24,Francia
954,3553 - DAUM Gratianne,SEF,27,44:10:09,23:33:26,Francia
955,"1550 - YAMAYA Koji
DMJ",SEH,296,44:11:20,23:34:37,Japón
956,"2765 - TAKASE Akinori
TEAM SHIKKOKU",V1H,443,44:11:22,23:34:39,Japón
957,"1767 - ISOMURA Shinsuke
DMJ",SEH,297,44:11:23,23:34:40,Japón
958,649 - DUMAS Mathieu,SEH,298,44:11:25,23:34:42,Francia
959,2021 - CHAUQUET Romain,SEH,299,44:11:37,23:34:54,Francia
960,3071 - HUSER Peter,V2H,139,44:13:27,23:36:44,Suiza
961,1649 - CABELLO DELGADO Sergio,SEH,300,44:13:47,23:37:04,España
962,"2463 - GARCIA DE ISLA Juan Luis
RUEDALVIENTO",V1H,444,44:13:56,23:37:13,España
963,"2887 - WATT Graeme Stewart
RUEDALVIENTO",SEH,301,44:13:56,23:37:13,Reino Unido
964,2401 - NAWROCKI Jörg,V2H,140,44:14:18,23:37:35,Alemania
965,"1896 - FACHE-MICHEL PATRICK
USC SEPTEMES",V1H,445,44:14:22,23:37:39,Francia
966,"2617 - SCHMIDT Klaus
TV RHEINZABERN",V2H,141,44:14:28,23:37:45,Alemania
967,"2576 - BEHNCKE Frederick
BMA",V1H,446,44:15:58,23:39:15,Francia
968,"1584 - MORETTO Rossano
Podisti Tribano",SEH,302,44:17:19,23:40:36,Italia
969,"2020 - ZUFFERLI Ivan
A.S.D. PODISMO BUTTRIO",SEH,303,44:18:21,23:41:38,Italia
970,801 - POCHOLUK Thierry,V1H,447,44:18:54,23:42:11,Francia
971,"3136 - JUNYENT Ivan
FEEC",V1H,447,44:18:54,23:42:11,España
972,2415 - L'HERMINIER Thibault,SEH,304,44:18:56,23:42:13,Francia
973,"3118 - GANDER Alain
FAUCIGNY ATLETIC CLUB",V2H,142,44:19:09,23:42:26,Francia
974,"1994 - TOGNI Gerardo
ASD FO' DI PE",V2H,143,44:19:22,23:42:39,Italia
975,"1974 - PREDA Luciano
ASD FO' DI PE",SEH,305,44:19:23,23:42:40,Italia
976,694 - CIPRIANI Remi,V1H,449,44:20:00,23:43:17,Francia
977,895 - BECQUART Denis,V1H,450,44:20:26,23:43:43,Francia
978,2460 - BAVIERE Gaetan,V1H,451,44:20:27,23:43:44,Francia
979,3347 - KENDALL Danny,SEH,306,44:20:39,23:43:56,Reino Unido
980,"2634 - DOMINE Marco
LG IHLELAUFER BURG",V1H,452,44:20:55,23:44:12,Alemania
981,"2066 - COX Allan
CORSHAM RUNNING CLUB",V1H,453,44:21:07,23:44:24,Reino Unido
982,"593 - COPPELOV Wally
NEWBURGH NOMADS",V2H,144,44:21:28,23:44:45,Reino Unido
983,"3206 - FERRERO Juan Ricardo
TRESSPORT MERRELL RUNNING TEAM",V1H,454,44:22:02,23:45:19,Argentina
984,2897 - LEE Bik Sai Ida,V1F,25,44:22:38,23:45:55,HK
985,2977 - GARNER Paul,V1H,455,44:22:51,23:46:08,Reino Unido
986,660 - GRENIER Aurelia,SEF,28,44:23:33,23:46:50,Francia
987,"942 - MARMIER-SHAPIROVA Nataliya
CMBM",V2F,9,44:23:39,23:46:56,Francia
988,"811 - GRANDMONT Andre
ARCH",V2H,145,44:24:16,23:47:33,Bélgica
989,"608 - DENEFFE Philippe
J.C.C.S. - Jogging Club Croix Scaille. Gedinne",V2H,146,44:24:17,23:47:34,Bélgica
990,"2391 - KING IAN
CARNETHY HILL RUNNERS",V1H,456,44:25:40,23:48:57,Reino Unido
991,"3030 - COATES James
DELUXE TRANSFERS",SEH,307,44:25:41,23:48:58,Reino Unido
992,"2931 - BORGNANO Patrice
TRAILERS DU MOLE",V2H,147,44:26:33,23:49:50,Francia
993,"943 - FLICK Markus
SF ENNEPETAL",V1H,457,44:26:45,23:50:02,Alemania
994,"944 - WERBONAT Jens
DUV",SEH,308,44:26:45,23:50:02,Alemania
995,1788 - BERNATH Gilbert,V2H,148,44:26:50,23:50:07,Suiza
996,"3612 - HEDRICH Charles
Respectons La Terre",V2H,149,44:29:48,23:53:05,Francia
997,2891 - JONES Gowyn,SEH,309,44:30:06,23:53:23,Nueva Zelandia
998,2836 - HUBLOT Ludovic,SEH,310,44:30:07,23:53:24,Francia
999,2358 - BOSTON Jacob,SEH,311,44:30:10,23:53:27,Nueva Zelandia
1000,"2735 - BLEYS Pascal
FROZEN BANANAS",V1H,458,44:30:10,23:53:27,Bélgica
1001,"3432 - HUGHES Malcolm
LINLITHGOW AC",V2H,150,44:30:17,23:53:34,Reino Unido
1002,"3300 - BITERI PAGALDAI Iñigo
ESKORIATZA",SEH,312,44:30:52,23:54:09,España
1003,2389 - LE ROUX Jean-Michel,V1H,459,44:31:31,23:54:48,Francia
1004,"2683 - VERDUGO BOSNIC Daniel
Team Salomon Chile",SEH,313,44:31:38,23:54:55,Chile
1005,3308 - MIRALLES I CORTIELLA Alfred,V2H,151,44:32:54,23:56:11,España
1006,"238 - MALCOLM John
LOTHIAN RUNNING CLUB",SEH,314,44:33:13,23:56:30,Reino Unido
1007,2140 - ASHLEY-COOPER Nicholas,SEH,315,44:34:30,23:57:47,Reino Unido
1008,"1886 - DELGADO SERVAN Manuel
CLUB DE MONTANA CHICLANA CADIZ",V2H,152,44:34:31,23:57:48,España
1009,2597 - GAILLAND Serge,SEH,316,44:34:52,23:58:09,Francia
1010,2916 - ROUZAUD Ivan,SEH,317,44:35:04,23:58:21,Francia
1011,"318 - SERIZAWA Katsuhito
EVERSEASHONAN",V1H,460,44:35:25,23:58:42,Japón
1012,"2261 - JODOI Reiko
FUJI TRAIL-RUNERS CLUB",V2F,10,44:35:25,23:58:42,Japón
1013,3019 - FRANCOISE Luc,V2H,153,44:36:14,23:59:31,Francia
1014,2857 - RODRIGUEZ Jean-Luc,V2H,154,44:36:43,24:00:00,Francia
1015,3349 - SHIRAKATA Michihiro,V1H,461,44:37:06,24:00:23,Japón
1016,"2328 - HENTSCH DR. Torsten
SV HERMSDORF",V1H,462,44:38:25,24:01:42,Alemania
1017,871 - KOTAKE Hidenori,V2H,155,44:38:50,24:02:07,Japón
1018,"1078 - MOYA Sergio
70/30 TRAINING TEAM",V2H,156,44:39:03,24:02:20,Argentina
1019,"3068 - EDUARDO Malonda Pérez
CLUB ALPI GANDIA",V1H,463,44:39:18,24:02:35,España
1020,"776 - REDONDO GUARDIOLA Jose
COLLA CORRIOL",SEH,318,44:39:54,24:03:11,España
1021,"1836 - LE CORVIC Rémy
AS ALTIS IBM DPI",V2H,157,44:40:16,24:03:33,Francia
1022,"2853 - PRUAL Joseph-Marie
JOGGING PAYS DE LAMBALLE",V1H,464,44:40:22,24:03:39,Francia
1023,1960 - KURTH Alain,V1H,465,44:41:34,24:04:51,Francia
1024,"1804 - BERNARD Stéphane
CMBM",V1H,466,44:41:40,24:04:57,Francia
1025,2419 - CHAMOUX Jérôme,V1H,467,44:42:20,24:05:37,Francia
1026,"1748 - ROLLAND Danièle
R.A.C ST ESTEVE",V3F,1,44:42:46,24:06:03,Francia
1027,"2450 - SAMON christian
MJC PLAN DE CUQUES",V2H,158,44:43:15,24:06:32,Francia
1028,2042 - SOLANS nicolas,V1H,468,44:43:16,24:06:33,Francia
1029,"3209 - IIDA Masayuki
TEAM MAKI",SEH,319,44:43:29,24:06:46,Japón
1030,"2425 - CAMPOS HIGUERAS Ildefonso
TIERRA TRAGAME",V1H,469,44:44:03,24:07:20,España
1031,"876 - RUBIO SANTOS Juan Carlos
ULTRARUN",V1H,470,44:44:08,24:07:25,España
1032,1723 - PIRES Joseph,V1H,471,44:44:35,24:07:52,Francia
1033,3001 - SAINTVITEUX Michael,SEH,320,44:44:35,24:07:52,Bélgica
1034,3102 - FABBRO David,SEH,321,44:45:20,24:08:37,Francia
1035,2411 - MOITIE Sébastien,SEH,322,44:45:24,24:08:41,Francia
1036,2437 - JOHNSON Alan,SEH,323,44:45:34,24:08:51,Reino Unido
1037,1002 - DE DEKEN Yves,V3H,20,44:45:48,24:09:05,Francia
1038,1864 - VALCARCE RODRIGUEZ Esteban,V1H,472,44:46:10,24:09:27,España
1039,"3388 - MARANON BOLIVAR Francisco
ADAN ZUMAQUE",V2H,159,44:46:12,24:09:29,España
1040,2233 - FRANCISCO Sánchez Alonso,SEH,324,44:46:13,24:09:30,España
1041,"2601 - WILLAUME Patrick
CO BLENOD",V2H,160,44:46:47,24:10:04,Francia
1042,"3365 - HAMOU Alain
F.O.C",V3H,21,44:46:50,24:10:07,Francia
1043,3083 - SANTERRE Christian,V1H,473,44:46:53,24:10:10,Francia
1044,2874 - FAVEY Sébastien,V1H,474,44:46:59,24:10:16,Francia
1045,2869 - FAVEY Sidonie,SEF,29,44:47:00,24:10:17,Francia
1046,3343 - FAYNOT Nicolas,SEH,325,44:47:05,24:10:22,Francia
1047,"2217 - CHAPEL Thierry
CAE ALENCON",V1H,475,44:47:07,24:10:24,Francia
1048,3274 - BRIDGET BRADY Bridget,SEF,30,44:47:23,24:10:40,Irlanda
1049,3387 - SUSANA Ester Pamos,SEF,30,44:47:23,24:10:40,España
1050,"1881 - EDO MARZA Manuel.
MARATOIMITJA",V1H,476,44:47:34,24:10:51,España
1051,"2294 - TAKAHARA Toru
KANSAI MEISOKAI",V1H,477,44:48:12,24:11:29,Japón
1052,"2116 - DUCHESNE Pascal
PEC",V1H,478,44:49:04,24:12:21,Francia
1053,"2103 - FROUIN Gerard
POITIERS EC",V2H,161,44:49:09,24:12:26,Francia
1054,"1666 - GAUDICHEAU Patrick
BON PIED BON OEIL ESCALQUENS",V2H,162,44:49:35,24:12:52,Francia
1055,"1945 - BLONDEAU Thierry
VELO CLUB VESUBIEN",V1H,479,44:50:34,24:13:51,Francia
1056,"2587 - PERRIN Fabrice
AVOC",V1H,480,44:51:01,24:14:18,Francia
1057,"3346 - GUENOT Philippe
SAINT-NAZAIRE OLYMPIQUE SPORTIF (SNOS)",V1H,481,44:51:39,24:14:56,Francia
1058,805 - VALZER Luc,V2H,163,44:52:43,24:16:00,Francia
1059,3500 - LASTRE David,V1H,482,44:54:24,24:17:41,Francia
1060,2987 - CLEMENT David,SEH,326,44:54:29,24:17:46,Francia
1061,"2935 - MARTIN Didier
Dassault Sport",V1H,483,44:54:56,24:18:13,Francia
1062,"2956 - PLANTIN Bertrand
DASSAULT SPORT SURESNES",SEH,327,44:54:56,24:18:13,Francia
1063,2422 - MICHELET Jérôme,SEH,328,44:54:57,24:18:14,Francia
1064,2633 - GAUTHIER Benoît,SEH,328,44:54:57,24:18:14,Francia
1065,"3006 - GROS Dominique
Dassault-sports",V1H,484,44:54:57,24:18:14,Francia
1066,1914 - DORSAND Yannick,V1H,485,44:55:18,24:18:35,Francia
1067,2073 - BENITO Lorenzo,V1H,486,44:56:17,24:19:34,España
1068,2049 - HANOT Dominique,V1H,487,44:56:37,24:19:54,Francia
1069,525 - ROTH Christian,V1H,488,44:57:22,24:20:39,Francia
1070,738 - ONISHI Hiroshi,V1H,489,44:57:25,24:20:42,Japón
1071,764 - FAYOLLE Fabrice,V1H,490,44:57:39,24:20:56,Francia
1072,"1990 - SCHUSTER Thierry
ASL ROBERTSAU",V1H,491,44:57:57,24:21:14,Francia
1073,"1739 - TRAVE RODRIGUEZ Angel Luis
FILIPIDES",V1H,492,44:58:11,24:21:28,España
1074,"2828 - RUBIA GARCIA Antonio Jesus
CLUB DEPORTIVO ALPINO JARAPALOS",V1H,493,44:58:12,24:21:29,España
1075,"3124 - RODRIGO PEREZ Roberto
CENTRO NATACION HELIOS",V2H,164,44:58:19,24:21:36,España
1076,"2301 - SATO Shinsuke
HHHW",V1H,494,44:59:13,24:22:30,Japón
1077,2585 - PARETAS Josep,SEH,330,44:59:31,24:22:48,España
1078,1633 - MICHEL Yvan,V2H,165,44:59:38,24:22:55,Francia
1079,"894 - CHARDIGNY Jean-Christophe
ECA",V1H,495,44:59:40,24:22:57,Francia
1080,2480 - HONDA Eiji,V1H,496,44:59:45,24:23:02,Japón
1081,"3056 - YONEDA Yasutaka
TEAM USUKAWA",SEH,331,44:59:45,24:23:02,Japón
1082,2689 - SHIMAMINE Yumiko,V1F,26,44:59:54,24:23:11,Japón
1083,"2291 - JONES Kingsley
Team Raidlight & Icicle",SEH,332,45:00:06,24:23:23,Reino Unido
1084,2786 - PEREZ COLOMA Francisco,SEH,333,45:00:20,24:23:37,España
1085,"2739 - PLUTON Omelle
S.O.ROSNY SOUS BOIS",V2F,11,45:01:47,24:25:04,Francia
1086,2420 - BOUTELANT Stephane,V1H,497,45:01:51,24:25:08,Francia
1087,461 - TUNIK Alexandre,V1H,498,45:02:38,24:25:55,Suiza
1088,3065 - ARRIGHI Gabriele,SEH,334,45:02:52,24:26:09,Italia
1089,"3507 - LETHELIER Edouard
LES TRAILERS DE PARIS",V1H,499,45:03:05,24:26:22,Francia
1090,"2006 - MENARD Regis
CSA VINCENNES",V1H,500,45:03:48,24:27:05,Francia
1091,290 - CHASSERANT Philippe,V1H,501,45:04:40,24:27:57,Francia
1092,"2685 - GUNTHNER Josef
TRIRUN LINZ",V2H,166,45:05:40,24:28:57,Austria
1093,3329 - LOEWENGUTH Eric,V2H,167,45:05:44,24:29:01,Francia
1094,559 - BELLO Eric,SEH,335,45:07:57,24:31:14,Francia
1095,"2847 - BURLET Jean-Philippe
club d'athlétisme SAINT-LOUIS",SEH,336,45:08:55,24:32:12,Francia
1096,675 - BAUDRY Régis,V1H,502,45:09:11,24:32:28,Francia
1097,1862 - LOISEAU Didier,V2H,168,45:10:28,24:33:45,Francia
1098,2884 - O'ROURKE Shane,SEH,337,45:11:03,24:34:20,Irlanda
1099,"1916 - SCOLAS Etienne
AMIS SPORTIFS DE VELAINES",SEH,338,45:11:08,24:34:25,Bélgica
1100,2665 - LEAHY William,V1H,503,45:11:31,24:34:48,Reino Unido
1101,3468 - DEPRET Olivier,V1H,504,45:11:40,24:34:57,Bélgica
1102,2288 - CLEMENCEAU Laurent,V1H,505,45:11:45,24:35:02,Francia
1103,"963 - HARA Seiichiro
MOMOYA MRC",V1H,506,45:11:50,24:35:07,Japón
1104,3557 - BARBARIT Thierry,V1H,507,45:12:23,24:35:40,Francia
1105,3125 - MORLEY Derek,V1H,508,45:12:28,24:35:45,Reino Unido
1106,2785 - HIMMELSTOß Manue´l,SEH,339,45:12:55,24:36:12,Alemania
1107,"427 - CARMONA HERRERA Rafael
CENTRE EXCURSIONISTA NAVAS",V1H,509,45:13:12,24:36:29,España
1108,"2309 - KINOSHITA Eisuke
明走会",V2H,169,45:13:32,24:36:49,Japón
1109,"3467 - AMANT Nicolas
JCHSH",SEH,340,45:14:05,24:37:22,Bélgica
1110,"3519 - HERNANDEZ CASTELL Diego
MARATO I MITJA",V1H,510,45:14:07,24:37:24,España
1111,"3520 - TENA BELLES Ana
MARATO I MITJA",V1F,27,45:14:07,24:37:24,España
1112,"1958 - EPIFANIO Antonio
LIBERO",V1H,511,45:14:12,24:37:29,Italia
1113,"1712 - KATO Noriyasu
ALBATROSS",V1H,512,45:14:44,24:38:01,Japón
1114,3201 - MEYER Jerome,V1H,513,45:15:33,24:38:50,Francia
1115,677 - WAINHOUSE Owen,SEH,341,45:16:59,24:40:16,Reino Unido
1116,"655 - PEETERS Bernard
JAMES CLUB",V2H,170,45:18:28,24:41:45,Bélgica
1117,2711 - BARAGIOTTA Stefano,V1H,514,45:18:37,24:41:54,Italia
1118,3497 - JURADO POZUELO Jose Luis,V1H,515,45:18:44,24:42:01,España
1119,"2424 - CLARKE Ian
UNOCHA",V1H,516,45:19:05,24:42:22,Reino Unido
1120,3057 - SANDOVAL Simon,SEH,342,45:19:06,24:42:23,Filipinas
1121,"2893 - SHIBATA Tomoyo
TEAM MOMO",SEF,32,45:19:41,24:42:58,Japón
1122,"1006 - SHIBATA Ryo
TEAM MOMO",V1H,517,45:19:42,24:42:59,Japón
1123,3614 - DROUIN Stéphane,SEH,343,45:20:46,24:44:03,Francia
1124,"907 - GARCIA BELENGUER Ignacio
GMP UPV-PEUS QUETS",V1H,518,45:20:49,24:44:06,España
1125,"1923 - MIRET TORRENS Albert
ELS XULIUS",V1H,519,45:21:09,24:44:26,España
1126,"423 - ALTHABE Richard
ASPTT BORDEAUX",V1H,520,45:25:20,24:48:37,Francia
1127,"1066 - MOITY Vincent
ASPTT BORDEAUX",V2H,171,45:25:20,24:48:37,Francia
1128,"3070 - JAGUIN Thierry
PASS RUNNING",V2H,172,45:25:36,24:48:53,Francia
1129,"614 - KLAASSEN Dietrich
Coolrunners Germany",V1H,521,45:33:14,24:56:31,Alemania
1130,"2638 - ARRABIE-AUBIES Patrice
BREIZH TEAM TRI RUNNING",V1H,521,45:33:14,24:56:31,Francia
1131,2973 - ELSON Jason,SEH,344,45:41:23,25:04:40,Canadá
1132,"2142 - GUIDA Danila
GS BOGNANCO",V2F,12,45:44:12,25:07:29,Italia
1133,3547 - DIFFINE Dominique,V1H,523,45:45:38,25:08:55,Francia
